PID,ContractType,size,num_mins,average_time_spent
6,CT1,1,77.0,77.0
6,CT2,65,19221.0,295.7076923076923
8,CT1,25,6345.0,253.8
8,CT2,82,24114.0,294.0731707317073
9,CT1,61,11429.0,187.36065573770492
9,CT2,26,7530.0,289.61538461538464
10,CT2,4,1062.0,265.5
11,CT1,2,902.0,451.0
11,CT2,23,6783.0,294.9130434782609
12,CT1,13,2259.0,173.76923076923077
12,CT2,19,5259.0,276.7894736842105
13,CT1,1,485.0,485.0
13,CT2,25,7017.0,280.68
14,CT2,52,15852.0,304.84615384615387
15,CT2,37,10533.0,284.6756756756757
17,CT1,43,5759.0,133.93023255813952
17,CT2,72,19512.0,271.0
18,CT2,37,10863.0,293.5945945945946
19,CT2,33,9207.0,279.0
20,CT1,12,1910.0,159.16666666666666
20,CT2,13,4359.0,335.3076923076923
21,CT1,1,43.0,43.0
21,CT2,5,1377.0,275.4
22,CT1,87,17579.0,202.05747126436782
22,CT2,12,3648.0,304.0
23,CT1,18,1998.0,111.0
23,CT2,8,2058.0,257.25
25,CT1,56,9412.0,168.07142857142858
25,CT2,46,13170.0,286.30434782608694
27,CT1,6,1074.0,179.0
27,CT2,2,762.0,381.0
28,CT2,48,14064.0,293.0
29,CT1,4,1498.0,374.5
29,CT2,1,249.0,249.0
31,CT1,2,868.0,434.0
31,CT2,42,13296.0,316.57142857142856
33,CT2,7,2139.0,305.57142857142856
35,CT2,4,1194.0,298.5
37,CT2,2,498.0,249.0
38,CT1,5,1507.0,301.4
38,CT2,6,1626.0,271.0
41,CT2,7,2139.0,305.57142857142856
42,CT2,16,4314.0,269.625
43,CT2,6,1494.0,249.0
45,CT1,33,8491.0,257.3030303030303
45,CT2,67,18795.0,280.5223880597015
46,CT2,1,315.0,315.0
47,CT1,12,1332.0,111.0
47,CT2,7,2337.0,333.85714285714283
48,CT1,4,1634.0,408.5
48,CT2,1,381.0,381.0
49,CT1,6,1652.0,275.3333333333333
49,CT2,30,9846.0,328.2
50,CT1,5,963.0,192.6
52,CT1,2,596.0,298.0
52,CT2,44,12144.0,276.0
53,CT2,4,798.0,199.5
54,CT2,43,12885.0,299.6511627906977
55,CT1,13,3823.0,294.0769230769231
55,CT2,1,315.0,315.0
56,CT2,3,1539.0,513.0
59,CT2,11,3399.0,309.0
60,CT1,12,1536.0,128.0
60,CT2,7,2205.0,315.0
61,CT1,12,2964.0,247.0
61,CT2,14,3750.0,267.85714285714283
64,CT1,2,562.0,281.0
64,CT2,28,8754.0,312.64285714285717
65,CT1,1,145.0,145.0
65,CT2,25,7743.0,309.72
66,CT2,1,117.0,117.0
67,CT2,10,2886.0,288.6
68,CT1,6,938.0,156.33333333333334
68,CT2,28,8952.0,319.7142857142857
69,CT2,16,5304.0,331.5
70,CT2,8,2256.0,282.0
72,CT2,19,6183.0,325.42105263157896
73,CT1,6,2366.0,394.3333333333333
73,CT2,12,4044.0,337.0
74,CT2,4,1194.0,298.5
75,CT2,6,1758.0,293.0
77,CT1,8,1126.0,140.75
77,CT2,3,681.0,227.0
78,CT2,4,1062.0,265.5
80,CT1,6,1482.0,247.0
80,CT2,32,10014.0,312.9375
81,CT2,16,5106.0,319.125
82,CT2,21,5823.0,277.2857142857143
83,CT1,36,8518.0,236.61111111111111
83,CT2,84,24018.0,285.92857142857144
84,CT2,16,4182.0,261.375
90,CT1,18,5976.0,332.0
90,CT2,10,2490.0,249.0
92,CT1,56,11248.0,200.85714285714286
92,CT2,136,43104.0,316.94117647058823
93,CT1,11,2207.0,200.63636363636363
93,CT2,10,3678.0,367.8
94,CT1,11,2887.0,262.45454545454544
94,CT2,52,17304.0,332.7692307692308
95,CT1,5,2085.0,417.0
95,CT2,112,33630.0,300.26785714285717
96,CT2,43,12291.0,285.83720930232556
97,CT1,1,179.0,179.0
97,CT2,2,762.0,381.0
98,CT1,4,1566.0,391.5
98,CT2,21,6351.0,302.42857142857144
99,CT1,19,3401.0,179.0
99,CT2,6,2022.0,337.0
100,CT2,84,23886.0,284.35714285714283
104,CT2,3,1077.0,359.0
105,CT1,39,12251.0,314.12820512820514
105,CT2,12,3648.0,304.0
107,CT2,2,696.0,348.0
108,CT2,2,564.0,282.0
109,CT2,6,1560.0,260.0
111,CT2,12,3318.0,276.5
112,CT1,1,77.0,77.0
112,CT2,3,813.0,271.0
114,CT1,18,5228.0,290.44444444444446
114,CT2,10,3546.0,354.6
115,CT2,67,19323.0,288.4029850746269
116,CT1,3,1013.0,337.6666666666667
116,CT2,1,183.0,183.0
117,CT1,9,1305.0,145.0
118,CT1,6,666.0,111.0
119,CT1,1,417.0,417.0
119,CT2,3,879.0,293.0
121,CT2,4,2052.0,513.0
122,CT1,7,1559.0,222.71428571428572
122,CT2,197,59613.0,302.6040609137056
123,CT2,7,1743.0,249.0
124,CT2,5,1707.0,341.4
126,CT2,3,1077.0,359.0
127,CT2,2,564.0,282.0
128,CT1,1,247.0,247.0
128,CT2,13,4029.0,309.9230769230769
129,CT2,3,945.0,315.0
131,CT2,6,1626.0,271.0
132,CT2,1,183.0,183.0
133,CT2,49,16095.0,328.46938775510205
136,CT1,1,485.0,485.0
137,CT2,2,630.0,315.0
138,CT1,1,485.0,485.0
138,CT2,9,2637.0,293.0
139,CT1,26,4144.0,159.3846153846154
139,CT2,31,9237.0,297.96774193548384
140,CT1,7,641.0,91.57142857142857
140,CT2,22,6996.0,318.0
141,CT1,8,3880.0,485.0
141,CT2,55,16797.0,305.4
142,CT1,12,3032.0,252.66666666666666
142,CT2,5,1575.0,315.0
143,CT1,2,766.0,383.0
143,CT2,48,14790.0,308.125
145,CT1,1,349.0,349.0
145,CT2,41,11727.0,286.0243902439024
146,CT1,20,4056.0,202.8
146,CT2,23,7509.0,326.4782608695652
148,CT1,12,720.0,60.0
148,CT2,11,3201.0,291.0
149,CT1,25,3965.0,158.6
149,CT2,2,498.0,249.0
150,CT1,20,4226.0,211.3
150,CT2,35,9441.0,269.74285714285713
151,CT2,4,1260.0,315.0
152,CT1,48,8626.0,179.70833333333334
152,CT2,111,34437.0,310.2432432432432
155,CT1,44,5870.0,133.4090909090909
155,CT2,73,23655.0,324.041095890411
156,CT1,6,3318.0,553.0
156,CT2,12,3384.0,282.0
157,CT2,2,564.0,282.0
158,CT1,69,11705.0,169.63768115942028
158,CT2,29,8409.0,289.9655172413793
159,CT1,16,3306.0,206.625
159,CT2,139,39165.0,281.76258992805754
160,CT1,1,485.0,485.0
160,CT2,156,45312.0,290.46153846153845
161,CT1,43,4603.0,107.04651162790698
161,CT2,13,3567.0,274.38461538461536
162,CT1,6,666.0,111.0
163,CT1,18,2406.0,133.66666666666666
163,CT2,62,17550.0,283.06451612903226
164,CT1,36,6036.0,167.66666666666666
164,CT2,34,10974.0,322.7647058823529
165,CT2,74,21264.0,287.35135135135135
166,CT1,49,8193.0,167.20408163265307
166,CT2,76,22488.0,295.89473684210526
167,CT1,7,2681.0,383.0
167,CT2,4,930.0,232.5
168,CT1,3,707.0,235.66666666666666
168,CT2,289,83181.0,287.8235294117647
169,CT1,9,4195.0,466.1111111111111
169,CT2,22,6732.0,306.0
170,CT1,1,145.0,145.0
170,CT2,78,22788.0,292.15384615384613
172,CT2,1,315.0,315.0
173,CT2,10,2820.0,282.0
174,CT1,57,9421.0,165.28070175438597
174,CT2,12,3450.0,287.5
175,CT1,1,417.0,417.0
175,CT2,10,3150.0,315.0
178,CT1,6,870.0,145.0
178,CT2,1,381.0,381.0
183,CT1,6,1686.0,281.0
183,CT2,6,1758.0,293.0
184,CT1,2,392.0,196.0
184,CT2,1,183.0,183.0
185,CT1,36,5526.0,153.5
185,CT2,5,1377.0,275.4
186,CT2,14,4080.0,291.42857142857144
188,CT2,20,5640.0,282.0
190,CT2,20,5904.0,295.2
192,CT2,91,27081.0,297.5934065934066
193,CT2,8,2058.0,257.25
195,CT1,12,1128.0,94.0
195,CT2,65,21465.0,330.2307692307692
199,CT2,22,6006.0,273.0
200,CT1,7,1083.0,154.71428571428572
200,CT2,21,6945.0,330.7142857142857
201,CT2,31,8907.0,287.3225806451613
202,CT2,14,4080.0,291.42857142857144
204,CT1,1,77.0,77.0
206,CT2,22,8118.0,369.0
209,CT2,18,4746.0,263.6666666666667
211,CT1,18,2610.0,145.0
211,CT2,49,14445.0,294.7959183673469
213,CT1,30,5880.0,196.0
213,CT2,50,14694.0,293.88
214,CT1,2,596.0,298.0
214,CT2,49,14445.0,294.7959183673469
215,CT2,12,3516.0,293.0
216,CT1,2,970.0,485.0
216,CT2,9,2373.0,263.6666666666667
218,CT1,2,460.0,230.0
218,CT2,15,3999.0,266.6
220,CT1,6,1482.0,247.0
220,CT2,17,4959.0,291.70588235294116
225,CT1,25,3965.0,158.6
225,CT2,37,11985.0,323.9189189189189
226,CT1,1,179.0,179.0
226,CT2,3,1143.0,381.0
229,CT1,1,485.0,485.0
229,CT2,1,315.0,315.0
231,CT2,37,10335.0,279.3243243243243
233,CT1,12,1740.0,145.0
233,CT2,7,2007.0,286.7142857142857
234,CT2,7,2139.0,305.57142857142856
237,CT2,4,930.0,232.5
239,CT2,12,2988.0,249.0
241,CT1,1,485.0,485.0
241,CT2,16,4578.0,286.125
242,CT1,4,1600.0,400.0
242,CT2,10,2688.0,268.8
243,CT2,3,1077.0,359.0
244,CT1,7,1355.0,193.57142857142858
244,CT2,10,3282.0,328.2
245,CT2,4,996.0,249.0
246,CT2,8,2124.0,265.5
247,CT2,4,1128.0,282.0
249,CT2,5,1443.0,288.6
250,CT2,4,996.0,249.0
252,CT1,6,870.0,145.0
252,CT2,19,4929.0,259.42105263157896
253,CT1,6,258.0,43.0
253,CT2,14,4212.0,300.85714285714283
254,CT1,15,2141.0,142.73333333333332
254,CT2,62,19068.0,307.5483870967742
255,CT2,1,381.0,381.0
256,CT2,5,1311.0,262.2
257,CT2,26,6408.0,246.46153846153845
262,CT2,9,2307.0,256.3333333333333
263,CT2,2,564.0,282.0
267,CT1,6,1754.0,292.3333333333333
267,CT2,30,9252.0,308.4
268,CT1,17,3315.0,195.0
269,CT2,38,12960.0,341.05263157894734
270,CT1,1,485.0,485.0
270,CT2,13,3567.0,274.38461538461536
271,CT2,2,366.0,183.0
272,CT1,6,2774.0,462.3333333333333
272,CT2,14,4542.0,324.42857142857144
273,CT2,79,24027.0,304.1392405063291
274,CT2,16,4776.0,298.5
275,CT1,21,3623.0,172.52380952380952
275,CT2,22,6534.0,297.0
276,CT2,3,747.0,249.0
278,CT1,2,120.0,60.0
278,CT2,18,5274.0,293.0
280,CT1,52,9988.0,192.07692307692307
280,CT2,82,25896.0,315.8048780487805
281,CT2,2,498.0,249.0
282,CT2,3,1077.0,359.0
283,CT1,3,1455.0,485.0
283,CT2,1,315.0,315.0
284,CT2,21,6417.0,305.57142857142856
285,CT1,6,1074.0,179.0
288,CT2,1,117.0,117.0
289,CT2,6,1692.0,282.0
290,CT1,87,26215.0,301.32183908045977
290,CT2,100,30510.0,305.1
291,CT2,12,3252.0,271.0
292,CT2,1,117.0,117.0
293,CT1,4,1566.0,391.5
293,CT2,2,432.0,216.0
294,CT2,8,2586.0,323.25
295,CT2,2,564.0,282.0
296,CT2,5,1377.0,275.4
298,CT1,21,6207.0,295.57142857142856
298,CT2,45,13317.0,295.93333333333334
299,CT1,9,2087.0,231.88888888888889
299,CT2,2,630.0,315.0
300,CT2,4,1326.0,331.5
301,CT2,84,25272.0,300.85714285714283
306,CT1,20,7150.0,357.5
306,CT2,20,5904.0,295.2
309,CT2,1,315.0,315.0
311,CT2,4,1194.0,298.5
312,CT2,7,1941.0,277.2857142857143
313,CT1,1,485.0,485.0
313,CT2,12,3714.0,309.5
315,CT1,2,494.0,247.0
315,CT2,7,2139.0,305.57142857142856
317,CT2,4,1128.0,282.0
318,CT1,1,485.0,485.0
318,CT2,3,945.0,315.0
320,CT1,41,8903.0,217.14634146341464
320,CT2,75,21315.0,284.2
321,CT1,15,5303.0,353.53333333333336
321,CT2,17,4959.0,291.70588235294116
324,CT2,2,498.0,249.0
328,CT2,8,2190.0,273.75
329,CT2,4,930.0,232.5
330,CT1,3,503.0,167.66666666666666
330,CT2,92,27000.0,293.4782608695652
331,CT1,31,7079.0,228.3548387096774
331,CT2,29,8079.0,278.58620689655174
332,CT2,11,3267.0,297.0
333,CT1,12,1128.0,94.0
333,CT2,8,2586.0,323.25
334,CT1,47,8821.0,187.68085106382978
334,CT2,62,17484.0,282.0
335,CT2,4,1194.0,298.5
336,CT2,4,996.0,249.0
341,CT2,18,5274.0,293.0
342,CT1,18,6894.0,383.0
342,CT2,1,315.0,315.0
343,CT1,1,43.0,43.0
343,CT2,1,315.0,315.0
344,CT1,16,7726.0,482.875
344,CT2,8,2982.0,372.75
346,CT2,5,1179.0,235.8
347,CT1,18,2984.0,165.77777777777777
347,CT2,8,2454.0,306.75
348,CT2,3,813.0,271.0
350,CT2,17,4497.0,264.52941176470586
353,CT2,4,996.0,249.0
354,CT1,1,179.0,179.0
354,CT2,81,24525.0,302.77777777777777
355,CT1,23,6565.0,285.4347826086956
355,CT2,5,1113.0,222.6
357,CT2,5,1443.0,288.6
361,CT2,2,498.0,249.0
363,CT2,4,1062.0,265.5
365,CT2,3,879.0,293.0
366,CT2,3,945.0,315.0
367,CT1,3,1047.0,349.0
367,CT2,78,24174.0,309.9230769230769
368,CT2,9,2439.0,271.0
369,CT2,31,8775.0,283.06451612903226
370,CT1,1,485.0,485.0
370,CT2,37,11259.0,304.2972972972973
371,CT1,1,485.0,485.0
371,CT2,31,8379.0,270.2903225806452
372,CT1,13,3653.0,281.0
372,CT2,5,1641.0,328.2
376,CT2,1,117.0,117.0
378,CT1,5,895.0,179.0
378,CT2,35,11685.0,333.85714285714283
380,CT2,15,3603.0,240.2
381,CT2,3,615.0,205.0
382,CT1,66,10590.0,160.45454545454547
382,CT2,114,33798.0,296.4736842105263
383,CT1,54,9326.0,172.7037037037037
383,CT2,53,17487.0,329.9433962264151
384,CT2,22,5610.0,255.0
386,CT1,2,392.0,196.0
386,CT2,5,1509.0,301.8
389,CT1,1,315.0,315.0
389,CT2,14,4014.0,286.7142857142857
390,CT1,1,111.0,111.0
390,CT2,2,498.0,249.0
394,CT1,26,8904.0,342.46153846153845
394,CT2,7,1875.0,267.85714285714283
395,CT1,9,1815.0,201.66666666666666
395,CT2,90,25644.0,284.93333333333334
396,CT2,16,5304.0,331.5
397,CT1,1,247.0,247.0
397,CT2,27,8307.0,307.6666666666667
398,CT2,21,6351.0,302.42857142857144
399,CT2,6,1626.0,271.0
400,CT1,29,5565.0,191.89655172413794
400,CT2,56,16914.0,302.0357142857143
403,CT2,1,777.0,777.0
406,CT1,3,537.0,179.0
406,CT2,9,2703.0,300.3333333333333
407,CT1,7,1763.0,251.85714285714286
407,CT2,1,315.0,315.0
408,CT2,15,4263.0,284.2
409,CT1,3,1149.0,383.0
409,CT2,25,7941.0,317.64
410,CT2,13,4029.0,309.9230769230769
415,CT1,6,3318.0,553.0
415,CT2,3,879.0,293.0
416,CT2,2,564.0,282.0
417,CT1,7,2239.0,319.85714285714283
417,CT2,2,498.0,249.0
418,CT2,26,9180.0,353.0769230769231
419,CT2,12,3318.0,276.5
421,CT2,30,8130.0,271.0
422,CT2,20,6234.0,311.7
423,CT2,15,4329.0,288.6
424,CT2,7,2007.0,286.7142857142857
426,CT1,42,11394.0,271.2857142857143
426,CT2,3,747.0,249.0
427,CT1,54,9836.0,182.14814814814815
427,CT2,18,5406.0,300.3333333333333
429,CT1,12,1944.0,162.0
429,CT2,1,249.0,249.0
430,CT1,6,258.0,43.0
430,CT2,26,7002.0,269.3076923076923
431,CT2,31,8973.0,289.4516129032258
432,CT1,7,1151.0,164.42857142857142
432,CT2,10,3018.0,301.8
435,CT2,12,3516.0,293.0
436,CT1,15,4487.0,299.1333333333333
436,CT2,54,16416.0,304.0
437,CT2,5,1443.0,288.6
438,CT2,6,1692.0,282.0
439,CT1,12,1332.0,111.0
439,CT2,18,5142.0,285.6666666666667
441,CT2,3,1143.0,381.0
443,CT1,21,4575.0,217.85714285714286
443,CT2,13,3963.0,304.84615384615387
445,CT1,1,485.0,485.0
445,CT2,9,2703.0,300.3333333333333
447,CT1,4,1600.0,400.0
447,CT2,15,4527.0,301.8
448,CT1,8,3200.0,400.0
448,CT2,7,1875.0,267.85714285714283
450,CT1,18,3018.0,167.66666666666666
450,CT2,24,6240.0,260.0
451,CT2,2,498.0,249.0
453,CT2,18,5604.0,311.3333333333333
454,CT2,7,2271.0,324.42857142857144
456,CT2,5,1443.0,288.6
458,CT1,9,1781.0,197.88888888888889
458,CT2,11,3135.0,285.0
459,CT2,1,315.0,315.0
460,CT1,12,1332.0,111.0
460,CT2,12,3318.0,276.5
461,CT1,1,77.0,77.0
461,CT2,15,3867.0,257.8
464,CT1,28,6474.0,231.21428571428572
464,CT2,17,4827.0,283.94117647058823
466,CT1,11,3329.0,302.6363636363636
466,CT2,4,1260.0,315.0
467,CT1,6,666.0,111.0
467,CT2,1,315.0,315.0
468,CT1,2,1242.0,621.0
468,CT2,3,681.0,227.0
471,CT2,6,1956.0,326.0
472,CT1,13,3891.0,299.3076923076923
472,CT2,2,432.0,216.0
475,CT1,6,870.0,145.0
475,CT2,6,1626.0,271.0
476,CT1,4,648.0,162.0
476,CT2,34,9984.0,293.6470588235294
477,CT2,20,5376.0,268.8
478,CT2,21,6945.0,330.7142857142857
479,CT1,2,698.0,349.0
479,CT2,61,18291.0,299.8524590163934
480,CT1,4,512.0,128.0
480,CT2,42,11844.0,282.0
481,CT1,27,3881.0,143.74074074074073
481,CT2,7,1809.0,258.42857142857144
482,CT1,2,562.0,281.0
482,CT2,3,945.0,315.0
483,CT2,8,1860.0,232.5
485,CT1,5,4669.0,933.8
485,CT2,11,3267.0,297.0
486,CT2,7,1875.0,267.85714285714283
487,CT2,2,696.0,348.0
488,CT2,11,3135.0,285.0
489,CT2,21,5757.0,274.14285714285717
490,CT1,1,485.0,485.0
490,CT2,23,6717.0,292.04347826086956
491,CT1,20,4566.0,228.3
491,CT2,43,12555.0,291.9767441860465
492,CT2,2,564.0,282.0
493,CT1,1,485.0,485.0
493,CT2,7,2073.0,296.14285714285717
494,CT2,32,10674.0,333.5625
495,CT2,7,2271.0,324.42857142857144
496,CT1,10,2470.0,247.0
496,CT2,7,2403.0,343.2857142857143
497,CT1,20,3240.0,162.0
497,CT2,11,3333.0,303.0
498,CT1,19,3911.0,205.8421052631579
498,CT2,17,5025.0,295.5882352941176
501,CT2,22,5676.0,258.0
505,CT1,25,6855.0,274.2
505,CT2,77,22275.0,289.2857142857143
506,CT1,1,485.0,485.0
506,CT2,28,8490.0,303.2142857142857
507,CT2,5,1509.0,301.8
508,CT1,9,1849.0,205.44444444444446
508,CT2,33,8679.0,263.0
509,CT1,13,4163.0,320.2307692307692
509,CT2,6,1824.0,304.0
510,CT1,149,28201.0,189.26845637583892
510,CT2,11,3267.0,297.0
511,CT1,1,383.0,383.0
512,CT1,9,1271.0,141.22222222222223
512,CT2,18,5472.0,304.0
513,CT2,8,1992.0,249.0
515,CT1,6,870.0,145.0
515,CT2,4,1194.0,298.5
516,CT1,35,10821.0,309.1714285714286
516,CT2,101,31287.0,309.7722772277228
518,CT2,8,2982.0,372.75
519,CT2,20,5376.0,268.8
520,CT1,5,1337.0,267.4
520,CT2,7,3393.0,484.7142857142857
521,CT2,9,2373.0,263.6666666666667
522,CT1,1,485.0,485.0
522,CT2,58,17808.0,307.0344827586207
523,CT1,1,179.0,179.0
523,CT2,187,56661.0,303.0
524,CT2,14,4278.0,305.57142857142856
525,CT2,14,4674.0,333.85714285714283
526,CT2,5,1443.0,288.6
527,CT1,8,1840.0,230.0
527,CT2,5,1179.0,235.8
528,CT1,20,6062.0,303.1
528,CT2,79,23631.0,299.126582278481
529,CT1,24,3480.0,145.0
529,CT2,50,14100.0,282.0
530,CT1,49,11287.0,230.3469387755102
530,CT2,27,8175.0,302.77777777777777
532,CT2,8,2982.0,372.75
536,CT2,15,5055.0,337.0
538,CT1,1,485.0,485.0
538,CT2,4,930.0,232.5
539,CT1,1,145.0,145.0
539,CT2,17,4563.0,268.4117647058824
542,CT1,7,1797.0,256.7142857142857
542,CT2,42,13428.0,319.7142857142857
543,CT1,58,10824.0,186.6206896551724
543,CT2,40,12204.0,305.1
544,CT1,7,1355.0,193.57142857142858
544,CT2,13,3369.0,259.15384615384613
545,CT1,1,485.0,485.0
545,CT2,5,1707.0,341.4
547,CT2,11,3201.0,291.0
548,CT1,10,3048.0,304.8
548,CT2,7,2073.0,296.14285714285717
549,CT1,119,19771.0,166.14285714285714
549,CT2,41,11661.0,284.4146341463415
550,CT2,1,117.0,117.0
551,CT1,19,4727.0,248.78947368421052
551,CT2,59,21621.0,366.45762711864404
552,CT2,9,2637.0,293.0
555,CT2,11,3399.0,309.0
556,CT1,23,6667.0,289.8695652173913
556,CT2,83,23901.0,287.96385542168673
557,CT1,22,3972.0,180.54545454545453
557,CT2,33,8943.0,271.0
558,CT1,35,4769.0,136.25714285714287
558,CT2,68,19176.0,282.0
561,CT2,21,5889.0,280.42857142857144
564,CT1,38,9046.0,238.05263157894737
564,CT2,88,26994.0,306.75
565,CT1,2,324.0,162.0
565,CT2,77,22077.0,286.7142857142857
566,CT2,2,696.0,348.0
568,CT1,2,86.0,43.0
568,CT2,3,681.0,227.0
569,CT1,10,2912.0,291.2
569,CT2,32,9486.0,296.4375
570,CT1,1,485.0,485.0
570,CT2,93,27315.0,293.7096774193548
571,CT2,12,3186.0,265.5
572,CT1,12,2556.0,213.0
572,CT2,13,3963.0,304.84615384615387
573,CT2,12,4044.0,337.0
574,CT2,1,183.0,183.0
575,CT1,41,12201.0,297.5853658536585
575,CT2,39,11031.0,282.84615384615387
576,CT1,39,7423.0,190.33333333333334
576,CT2,11,3531.0,321.0
577,CT1,28,8310.0,296.7857142857143
577,CT2,11,3663.0,333.0
578,CT1,6,870.0,145.0
578,CT2,29,8409.0,289.9655172413793
580,CT1,6,258.0,43.0
580,CT2,39,11625.0,298.0769230769231
581,CT1,1,485.0,485.0
581,CT2,40,13458.0,336.45
582,CT1,6,1278.0,213.0
582,CT2,4,1128.0,282.0
583,CT1,1,43.0,43.0
583,CT2,5,1509.0,301.8
584,CT1,18,3256.0,180.88888888888889
584,CT2,23,6915.0,300.6521739130435
585,CT2,12,3384.0,282.0
586,CT1,1,111.0,111.0
586,CT2,10,2424.0,242.4
587,CT1,1,111.0,111.0
587,CT2,6,1758.0,293.0
589,CT2,18,5340.0,296.6666666666667
590,CT2,6,1890.0,315.0
591,CT1,2,698.0,349.0
591,CT2,47,12891.0,274.27659574468083
592,CT2,10,3018.0,301.8
593,CT1,1,145.0,145.0
593,CT2,9,2901.0,322.3333333333333
594,CT1,2,664.0,332.0
594,CT2,11,2937.0,267.0
597,CT1,2,970.0,485.0
597,CT2,45,12855.0,285.6666666666667
598,CT2,1,645.0,645.0
599,CT1,1,485.0,485.0
599,CT2,21,5955.0,283.57142857142856
601,CT1,1,145.0,145.0
601,CT2,5,1245.0,249.0
602,CT2,5,1047.0,209.4
605,CT2,4,1260.0,315.0
606,CT2,8,2256.0,282.0
608,CT2,9,2175.0,241.66666666666666
609,CT2,16,4512.0,282.0
611,CT2,1,249.0,249.0
613,CT2,3,813.0,271.0
618,CT1,25,3897.0,155.88
618,CT2,4,1392.0,348.0
622,CT2,6,2022.0,337.0
623,CT2,4,930.0,232.5
624,CT1,7,2137.0,305.2857142857143
624,CT2,6,1824.0,304.0
625,CT2,10,2820.0,282.0
631,CT2,7,1941.0,277.2857142857143
633,CT1,1,485.0,485.0
633,CT2,13,3435.0,264.2307692307692
635,CT1,1,111.0,111.0
635,CT2,51,14943.0,293.0
638,CT1,1,179.0,179.0
638,CT2,2,1422.0,711.0
640,CT1,7,1151.0,164.42857142857142
640,CT2,16,4182.0,261.375
641,CT1,3,1829.0,609.6666666666666
641,CT2,14,4146.0,296.14285714285717
642,CT2,21,7143.0,340.14285714285717
643,CT2,8,2256.0,282.0
645,CT2,6,1692.0,282.0
646,CT1,6,1618.0,269.6666666666667
646,CT2,23,6585.0,286.30434782608694
647,CT1,4,648.0,162.0
647,CT2,59,18123.0,307.1694915254237
648,CT1,38,6428.0,169.1578947368421
648,CT2,25,7611.0,304.44
651,CT1,10,1756.0,175.6
652,CT2,24,7032.0,293.0
653,CT1,7,2273.0,324.7142857142857
653,CT2,18,5538.0,307.6666666666667
655,CT1,2,970.0,485.0
655,CT2,13,3831.0,294.6923076923077
656,CT1,1,111.0,111.0
656,CT2,4,996.0,249.0
657,CT2,5,1179.0,235.8
659,CT1,1,111.0,111.0
659,CT2,54,14370.0,266.1111111111111
661,CT1,7,4823.0,689.0
661,CT2,20,5772.0,288.6
662,CT1,6,1992.0,332.0
662,CT2,4,1194.0,298.5
663,CT2,13,3237.0,249.0
665,CT2,5,1509.0,301.8
667,CT1,40,8418.0,210.45
667,CT2,41,12057.0,294.0731707317073
668,CT2,20,6102.0,305.1
670,CT1,3,571.0,190.33333333333334
670,CT2,17,5289.0,311.11764705882354
671,CT1,10,1450.0,145.0
671,CT2,101,29967.0,296.7029702970297
673,CT2,4,1326.0,331.5
676,CT2,24,7164.0,298.5
677,CT2,5,1641.0,328.2
679,CT2,30,8922.0,297.4
680,CT2,26,7134.0,274.38461538461536
682,CT1,35,10107.0,288.77142857142854
682,CT2,22,6534.0,297.0
683,CT1,67,14339.0,214.01492537313433
683,CT2,18,5076.0,282.0
684,CT2,5,1443.0,288.6
685,CT2,2,696.0,348.0
686,CT2,10,2622.0,262.2
687,CT1,23,3811.0,165.69565217391303
687,CT2,4,1260.0,315.0
689,CT2,90,27888.0,309.8666666666667
690,CT1,24,6268.0,261.1666666666667
690,CT2,79,23037.0,291.60759493670884
692,CT2,5,1443.0,288.6
693,CT2,9,2307.0,256.3333333333333
695,CT2,9,2703.0,300.3333333333333
696,CT2,4,1326.0,331.5
698,CT1,2,222.0,111.0
698,CT2,2,828.0,414.0
699,CT1,8,2180.0,272.5
699,CT2,4,1062.0,265.5
702,CT2,4,1326.0,331.5
705,CT2,15,3801.0,253.4
708,CT1,7,1423.0,203.28571428571428
708,CT2,9,3099.0,344.3333333333333
709,CT1,16,3238.0,202.375
709,CT2,44,12672.0,288.0
711,CT1,5,2119.0,423.8
711,CT2,9,2241.0,249.0
715,CT1,6,1278.0,213.0
715,CT2,10,2886.0,288.6
716,CT1,7,4279.0,611.2857142857143
716,CT2,20,5244.0,262.2
718,CT1,3,1013.0,337.6666666666667
718,CT2,2,498.0,249.0
722,CT1,12,2352.0,196.0
722,CT2,1,315.0,315.0
723,CT2,2,696.0,348.0
724,CT1,9,3549.0,394.3333333333333
724,CT2,5,1311.0,262.2
726,CT2,14,4212.0,300.85714285714283
727,CT2,1,315.0,315.0
730,CT1,1,485.0,485.0
734,CT1,12,4834.0,402.8333333333333
735,CT2,8,2058.0,257.25
736,CT2,1,315.0,315.0
739,CT2,26,7200.0,276.9230769230769
740,CT2,32,9816.0,306.75
746,CT2,9,2505.0,278.3333333333333
747,CT1,11,3771.0,342.8181818181818
747,CT2,2,762.0,381.0
748,CT1,15,3263.0,217.53333333333333
748,CT2,31,9105.0,293.7096774193548
749,CT2,2,564.0,282.0
750,CT1,7,2477.0,353.85714285714283
750,CT2,15,4263.0,284.2
752,CT1,18,5058.0,281.0
752,CT2,9,2439.0,271.0
754,CT2,1,315.0,315.0
756,CT1,6,1074.0,179.0
759,CT1,18,1794.0,99.66666666666667
759,CT2,2,696.0,348.0
763,CT2,7,2007.0,286.7142857142857
764,CT2,29,8475.0,292.2413793103448
765,CT1,2,970.0,485.0
765,CT2,43,12555.0,291.9767441860465
766,CT2,3,813.0,271.0
767,CT1,32,7802.0,243.8125
767,CT2,29,9201.0,317.2758620689655
768,CT1,2,596.0,298.0
768,CT2,7,2073.0,296.14285714285717
770,CT1,12,1536.0,128.0
770,CT2,1,249.0,249.0
772,CT1,24,2868.0,119.5
774,CT2,11,2937.0,267.0
775,CT2,36,10350.0,287.5
776,CT2,4,1194.0,298.5
777,CT1,8,5852.0,731.5
781,CT2,45,13713.0,304.73333333333335
785,CT2,3,813.0,271.0
786,CT2,8,2124.0,265.5
788,CT1,26,9074.0,349.0
788,CT2,23,6651.0,289.17391304347825
789,CT2,2,828.0,414.0
790,CT1,6,258.0,43.0
790,CT2,3,681.0,227.0
791,CT1,1,77.0,77.0
791,CT2,5,1509.0,301.8
792,CT1,8,1534.0,191.75
792,CT2,4,1128.0,282.0
793,CT2,18,5274.0,293.0
794,CT1,1,179.0,179.0
794,CT2,29,8541.0,294.51724137931035
796,CT2,3,1209.0,403.0
798,CT2,16,4644.0,290.25
799,CT2,25,8007.0,320.28
800,CT2,1,315.0,315.0
802,CT1,33,9579.0,290.27272727272725
802,CT2,20,5838.0,291.9
803,CT2,11,3135.0,285.0
805,CT1,12,4970.0,414.1666666666667
805,CT2,1,117.0,117.0
806,CT2,29,6693.0,230.79310344827587
807,CT1,2,494.0,247.0
807,CT2,22,5346.0,243.0
810,CT1,31,8575.0,276.61290322580646
810,CT2,102,30480.0,298.8235294117647
812,CT1,1,485.0,485.0
813,CT1,2,528.0,264.0
813,CT2,41,12585.0,306.9512195121951
815,CT1,44,7740.0,175.9090909090909
815,CT2,24,6900.0,287.5
816,CT2,4,1062.0,265.5
817,CT1,10,1416.0,141.6
817,CT2,71,20979.0,295.4788732394366
818,CT1,14,1996.0,142.57142857142858
818,CT2,97,28311.0,291.8659793814433
819,CT2,23,6057.0,263.3478260869565
820,CT2,3,615.0,205.0
821,CT1,29,4205.0,145.0
821,CT2,41,13971.0,340.7560975609756
825,CT2,8,1926.0,240.75
826,CT2,13,4029.0,309.9230769230769
827,CT2,53,14253.0,268.92452830188677
828,CT1,2,970.0,485.0
828,CT2,16,4710.0,294.375
829,CT1,10,4170.0,417.0
829,CT2,79,22707.0,287.43037974683546
830,CT1,22,5196.0,236.1818181818182
830,CT2,18,4746.0,263.6666666666667
831,CT1,34,5610.0,165.0
831,CT2,34,9852.0,289.7647058823529
833,CT1,1,43.0,43.0
833,CT2,31,9303.0,300.0967741935484
834,CT1,19,3537.0,186.1578947368421
834,CT2,2,630.0,315.0
835,CT1,1,315.0,315.0
835,CT2,59,17397.0,294.864406779661
836,CT1,6,1822.0,303.6666666666667
836,CT2,25,8139.0,325.56
838,CT1,3,435.0,145.0
838,CT2,13,3765.0,289.61538461538464
840,CT1,17,3961.0,233.0
840,CT2,109,31959.0,293.20183486238534
841,CT1,2,970.0,485.0
841,CT2,39,10833.0,277.7692307692308
842,CT1,1,213.0,213.0
842,CT2,9,2175.0,241.66666666666666
843,CT1,3,1455.0,485.0
843,CT2,41,13641.0,332.7073170731707
844,CT1,10,1144.0,114.4
845,CT1,3,299.0,99.66666666666667
845,CT2,42,11646.0,277.2857142857143
848,CT1,1,485.0,485.0
849,CT2,16,5238.0,327.375
850,CT1,36,9606.0,266.8333333333333
850,CT2,43,12555.0,291.9767441860465
852,CT1,21,3623.0,172.52380952380952
852,CT2,19,8757.0,460.89473684210526
853,CT1,9,3039.0,337.6666666666667
853,CT2,8,2454.0,306.75
854,CT2,1,249.0,249.0
855,CT1,4,1600.0,400.0
855,CT2,42,11910.0,283.57142857142856
856,CT1,26,6286.0,241.76923076923077
856,CT2,32,10674.0,333.5625
857,CT1,49,11661.0,237.9795918367347
857,CT2,53,15177.0,286.35849056603774
860,CT2,32,8496.0,265.5
861,CT2,1,117.0,117.0
862,CT1,10,3116.0,311.6
862,CT2,2,564.0,282.0
865,CT2,21,6021.0,286.7142857142857
866,CT2,10,2820.0,282.0
867,CT2,3,945.0,315.0
868,CT1,18,4650.0,258.3333333333333
868,CT2,15,4263.0,284.2
870,CT1,11,3771.0,342.8181818181818
870,CT2,9,2505.0,278.3333333333333
871,CT1,14,2030.0,145.0
871,CT2,58,16884.0,291.1034482758621
874,CT1,26,7136.0,274.46153846153845
874,CT2,32,10014.0,312.9375
875,CT2,10,3810.0,381.0
876,CT2,1,315.0,315.0
877,CT2,7,2139.0,305.57142857142856
880,CT2,11,3729.0,339.0
881,CT1,12,1128.0,94.0
881,CT2,9,3165.0,351.6666666666667
883,CT1,12,3576.0,298.0
883,CT2,10,2886.0,288.6
884,CT1,2,460.0,230.0
884,CT2,2,366.0,183.0
885,CT1,1,485.0,485.0
885,CT2,1,315.0,315.0
887,CT2,59,17793.0,301.5762711864407
888,CT2,43,12819.0,298.1162790697674
889,CT1,1,43.0,43.0
889,CT2,21,4833.0,230.14285714285714
891,CT2,2,498.0,249.0
892,CT2,6,1890.0,315.0
893,CT1,1,349.0,349.0
893,CT2,30,8328.0,277.6
894,CT2,13,4095.0,315.0
895,CT1,8,2520.0,315.0
895,CT2,9,3165.0,351.6666666666667
896,CT2,5,1575.0,315.0
899,CT2,30,8856.0,295.2
900,CT1,7,2205.0,315.0
900,CT2,84,25536.0,304.0
901,CT1,2,698.0,349.0
901,CT2,1,315.0,315.0
903,CT1,5,861.0,172.2
903,CT2,13,3699.0,284.53846153846155
904,CT2,43,13083.0,304.25581395348837
905,CT1,2,460.0,230.0
905,CT2,12,3252.0,271.0
908,CT1,2,256.0,128.0
908,CT2,45,13977.0,310.6
910,CT2,51,14745.0,289.11764705882354
911,CT2,5,1773.0,354.6
912,CT1,7,1559.0,222.71428571428572
912,CT2,19,5721.0,301.10526315789474
913,CT2,60,17580.0,293.0
916,CT1,22,5230.0,237.72727272727272
916,CT2,11,3399.0,309.0
917,CT1,78,13282.0,170.28205128205127
917,CT2,55,17787.0,323.4
919,CT2,1,183.0,183.0
922,CT1,59,15253.0,258.52542372881356
922,CT2,22,6468.0,294.0
924,CT2,6,1692.0,282.0
925,CT2,15,5187.0,345.8
926,CT1,2,834.0,417.0
926,CT2,7,2007.0,286.7142857142857
927,CT2,1,249.0,249.0
935,CT1,2,562.0,281.0
935,CT2,13,3765.0,289.61538461538464
936,CT1,2,698.0,349.0
939,CT1,1,485.0,485.0
939,CT2,111,33051.0,297.7567567567568
943,CT1,1,145.0,145.0
943,CT2,8,2652.0,331.5
948,CT2,13,3303.0,254.07692307692307
949,CT2,8,2124.0,265.5
950,CT1,15,2651.0,176.73333333333332
950,CT2,12,3384.0,282.0
951,CT2,1,315.0,315.0
952,CT2,3,945.0,315.0
953,CT2,2,696.0,348.0
955,CT1,3,673.0,224.33333333333334
955,CT2,5,1113.0,222.6
956,CT2,26,8652.0,332.7692307692308
957,CT2,3,813.0,271.0
958,CT1,1,179.0,179.0
959,CT2,15,4395.0,293.0
960,CT2,1,117.0,117.0
963,CT1,6,1108.0,184.66666666666666
963,CT2,3,813.0,271.0
964,CT1,6,870.0,145.0
964,CT2,2,564.0,282.0
966,CT2,20,5508.0,275.4
969,CT1,3,877.0,292.3333333333333
969,CT2,2,564.0,282.0
970,CT2,6,1956.0,326.0
972,CT1,7,1389.0,198.42857142857142
972,CT2,4,1128.0,282.0
974,CT2,18,5868.0,326.0
975,CT1,6,5154.0,859.0
975,CT2,62,20916.0,337.35483870967744
976,CT2,22,6204.0,282.0
977,CT1,1,485.0,485.0
977,CT2,12,3648.0,304.0
978,CT2,3,813.0,271.0
979,CT1,18,2644.0,146.88888888888889
979,CT2,26,8454.0,325.15384615384613
980,CT1,3,1319.0,439.6666666666667
980,CT2,21,6021.0,286.7142857142857
981,CT1,1,485.0,485.0
981,CT2,1,381.0,381.0
982,CT1,1,927.0,927.0
982,CT2,8,2322.0,290.25
983,CT2,1,381.0,381.0
985,CT1,24,3480.0,145.0
985,CT2,28,9348.0,333.85714285714283
988,CT1,30,6764.0,225.46666666666667
988,CT2,1,315.0,315.0
990,CT2,2,432.0,216.0
991,CT2,1,447.0,447.0
992,CT2,1,381.0,381.0
993,CT1,1,485.0,485.0
993,CT2,5,1179.0,235.8
994,CT2,1,381.0,381.0
996,CT2,22,6534.0,297.0
999,CT1,15,3705.0,247.0
999,CT2,25,8469.0,338.76
1000,CT1,1,111.0,111.0
1003,CT1,10,3796.0,379.6
1003,CT2,52,14796.0,284.53846153846155
1006,CT1,6,1414.0,235.66666666666666
1006,CT2,71,22695.0,319.6478873239437
1009,CT1,11,4757.0,432.45454545454544
1009,CT2,23,6387.0,277.69565217391306
1010,CT1,1,1029.0,1029.0
1010,CT2,9,3231.0,359.0
1011,CT2,1,315.0,315.0
1012,CT1,1,179.0,179.0
1012,CT2,13,3501.0,269.3076923076923
1015,CT1,1,485.0,485.0
1015,CT2,8,2190.0,273.75
1020,CT2,14,3882.0,277.2857142857143
1021,CT1,40,7534.0,188.35
1021,CT2,32,10740.0,335.625
1022,CT2,6,1824.0,304.0
1025,CT2,11,3069.0,279.0
1029,CT2,8,2586.0,323.25
1030,CT2,13,3765.0,289.61538461538464
1031,CT1,9,1135.0,126.11111111111111
1031,CT2,15,5121.0,341.4
1032,CT1,9,2087.0,231.88888888888889
1032,CT2,64,19698.0,307.78125
1033,CT1,5,2595.0,519.0
1033,CT2,13,3765.0,289.61538461538464
1034,CT1,7,2919.0,417.0
1034,CT2,3,615.0,205.0
1038,CT1,23,5715.0,248.47826086956522
1038,CT2,30,8526.0,284.2
1039,CT2,24,6174.0,257.25
1040,CT1,3,605.0,201.66666666666666
1040,CT2,3,1011.0,337.0
1041,CT1,1,77.0,77.0
1041,CT2,20,5244.0,262.2
1043,CT1,7,913.0,130.42857142857142
1043,CT2,21,6285.0,299.2857142857143
1045,CT1,2,460.0,230.0
1045,CT2,5,1179.0,235.8
1046,CT1,3,1183.0,394.3333333333333
1046,CT2,7,1941.0,277.2857142857143
1047,CT1,10,2232.0,223.2
1047,CT2,2,498.0,249.0
1048,CT1,10,1212.0,121.2
1048,CT2,7,2271.0,324.42857142857144
1049,CT1,1,111.0,111.0
1049,CT2,10,2952.0,295.2
1050,CT2,22,6336.0,288.0
1051,CT2,38,9858.0,259.42105263157896
1052,CT2,21,6219.0,296.14285714285717
1054,CT2,3,813.0,271.0
1055,CT2,29,8343.0,287.6896551724138
1056,CT1,22,3972.0,180.54545454545453
1056,CT2,82,24048.0,293.2682926829268
1057,CT2,6,1890.0,315.0
1058,CT1,18,3426.0,190.33333333333334
1058,CT2,2,498.0,249.0
1060,CT2,41,12717.0,310.1707317073171
1062,CT1,6,1720.0,286.6666666666667
1062,CT2,23,6981.0,303.5217391304348
1063,CT2,2,498.0,249.0
1064,CT2,3,945.0,315.0
1068,CT1,49,9723.0,198.42857142857142
1068,CT2,37,10467.0,282.8918918918919
1069,CT1,6,870.0,145.0
1069,CT2,4,1260.0,315.0
1070,CT1,19,5917.0,311.42105263157896
1070,CT2,32,11598.0,362.4375
1071,CT1,75,11963.0,159.50666666666666
1071,CT2,43,12951.0,301.1860465116279
1073,CT1,5,895.0,179.0
1073,CT2,5,1245.0,249.0
1074,CT2,3,1011.0,337.0
1077,CT2,4,1128.0,282.0
1079,CT2,2,630.0,315.0
1081,CT1,1,213.0,213.0
1081,CT2,17,5619.0,330.52941176470586
1084,CT2,27,7053.0,261.22222222222223
1085,CT1,18,8424.0,468.0
1085,CT2,7,2271.0,324.42857142857144
1086,CT1,2,902.0,451.0
1086,CT2,49,13785.0,281.3265306122449
1088,CT2,4,1194.0,298.5
1091,CT2,1,315.0,315.0
1092,CT1,1,485.0,485.0
1092,CT2,31,8115.0,261.7741935483871
1093,CT1,1,417.0,417.0
1093,CT2,17,5421.0,318.88235294117646
1094,CT1,7,1525.0,217.85714285714286
1094,CT2,1,315.0,315.0
1096,CT1,12,1944.0,162.0
1096,CT2,11,3267.0,297.0
1097,CT2,79,23301.0,294.9493670886076
1098,CT2,23,6453.0,280.5652173913044
1099,CT2,4,1128.0,282.0
1100,CT1,45,9177.0,203.93333333333334
1100,CT2,194,56754.0,292.54639175257734
1101,CT1,2,222.0,111.0
1101,CT2,73,21147.0,289.6849315068493
1102,CT1,27,4935.0,182.77777777777777
1102,CT2,97,28641.0,295.2680412371134
1103,CT1,20,4294.0,214.7
1103,CT2,221,64401.0,291.40723981900453
1104,CT1,30,6866.0,228.86666666666667
1104,CT2,48,13404.0,279.25
1105,CT1,3,809.0,269.6666666666667
1105,CT2,67,19917.0,297.2686567164179
1106,CT1,2,290.0,145.0
1106,CT2,137,38601.0,281.75912408759126
1107,CT1,39,7491.0,192.07692307692307
1107,CT2,97,31149.0,321.12371134020617
1108,CT1,30,6526.0,217.53333333333333
1108,CT2,65,19551.0,300.7846153846154
1109,CT1,2,256.0,128.0
1109,CT2,138,39246.0,284.39130434782606
1110,CT2,6,1956.0,326.0
1111,CT2,1,315.0,315.0
1112,CT2,148,45630.0,308.31081081081084
1120,CT1,6,666.0,111.0
1120,CT2,21,6153.0,293.0
1121,CT1,6,2910.0,485.0
1121,CT2,3,1143.0,381.0
1122,CT2,19,5259.0,276.7894736842105
1123,CT1,6,1278.0,213.0
1123,CT2,2,432.0,216.0
1124,CT1,35,6333.0,180.94285714285715
1124,CT2,5,1443.0,288.6
1125,CT2,4,1524.0,381.0
1126,CT2,12,3846.0,320.5
1127,CT1,13,1579.0,121.46153846153847
1127,CT2,27,7779.0,288.1111111111111
1128,CT2,4,1260.0,315.0
1129,CT1,4,1600.0,400.0
1129,CT2,34,10314.0,303.3529411764706
1130,CT1,2,732.0,366.0
1130,CT2,48,14394.0,299.875
1132,CT1,6,1074.0,179.0
1132,CT2,4,1260.0,315.0
1135,CT1,11,4349.0,395.3636363636364
1135,CT2,15,4593.0,306.2
1136,CT1,1,179.0,179.0
1136,CT2,21,6879.0,327.57142857142856
1137,CT1,21,3487.0,166.04761904761904
1137,CT2,28,8754.0,312.64285714285717
1138,CT1,18,3834.0,213.0
1139,CT1,4,1498.0,374.5
1141,CT1,2,970.0,485.0
1141,CT2,14,4410.0,315.0
1143,CT1,1,77.0,77.0
1143,CT2,2,630.0,315.0
1144,CT1,14,2982.0,213.0
1144,CT2,25,7677.0,307.08
1145,CT1,2,970.0,485.0
1145,CT2,1,315.0,315.0
1146,CT1,5,1983.0,396.6
1146,CT2,13,3435.0,264.2307692307692
1148,CT1,44,8182.0,185.95454545454547
1148,CT2,7,2337.0,333.85714285714283
1149,CT2,7,1611.0,230.14285714285714
1150,CT1,1,485.0,485.0
1150,CT2,1,381.0,381.0
1151,CT2,1,579.0,579.0
1153,CT2,16,5370.0,335.625
1155,CT2,5,2037.0,407.4
1156,CT2,16,4248.0,265.5
1158,CT1,15,4827.0,321.8
1159,CT2,27,8175.0,302.77777777777777
1162,CT1,33,6417.0,194.45454545454547
1162,CT2,28,8556.0,305.57142857142856
1163,CT1,20,5212.0,260.6
1163,CT2,11,3597.0,327.0
1165,CT1,14,4954.0,353.85714285714283
1165,CT2,2,696.0,348.0
1166,CT1,8,1058.0,132.25
1166,CT2,29,9201.0,317.2758620689655
1167,CT1,1,213.0,213.0
1167,CT2,1,315.0,315.0
1168,CT1,18,2202.0,122.33333333333333
1168,CT2,32,8826.0,275.8125
1170,CT2,11,3795.0,345.0
1171,CT1,12,1536.0,128.0
1171,CT2,3,813.0,271.0
1172,CT1,24,3888.0,162.0
1172,CT2,20,5970.0,298.5
1174,CT2,22,5610.0,255.0
1175,CT2,51,15141.0,296.88235294117646
1176,CT1,2,562.0,281.0
1176,CT2,30,9450.0,315.0
1177,CT1,24,2664.0,111.0
1177,CT2,5,1311.0,262.2
1178,CT1,1,485.0,485.0
1178,CT2,35,10629.0,303.6857142857143
1179,CT1,6,666.0,111.0
1181,CT2,5,1377.0,275.4
1182,CT1,15,2277.0,151.8
1182,CT2,57,16701.0,293.0
1183,CT1,12,1740.0,145.0
1183,CT2,8,2190.0,273.75
1186,CT2,1,315.0,315.0
1187,CT1,100,22558.0,225.58
1187,CT2,171,53205.0,311.140350877193
1188,CT1,18,5296.0,294.22222222222223
1188,CT2,56,15990.0,285.5357142857143
1189,CT2,15,4197.0,279.8
1191,CT1,29,5089.0,175.48275862068965
1191,CT2,227,70515.0,310.6387665198238
1192,CT2,27,7977.0,295.44444444444446
1196,CT1,30,5778.0,192.6
1198,CT1,25,8215.0,328.6
1198,CT2,9,2901.0,322.3333333333333
1199,CT1,1,485.0,485.0
1199,CT2,4,1260.0,315.0
1201,CT1,13,3483.0,267.9230769230769
1201,CT2,32,8760.0,273.75
1203,CT2,5,1575.0,315.0
1206,CT1,7,1151.0,164.42857142857142
1206,CT2,32,9486.0,296.4375
1211,CT2,4,1458.0,364.5
1213,CT2,7,2139.0,305.57142857142856
1214,CT1,5,657.0,131.4
1214,CT2,1,315.0,315.0
1215,CT1,45,9279.0,206.2
1215,CT2,170,48600.0,285.88235294117646
1216,CT1,9,1815.0,201.66666666666666
1216,CT2,103,29343.0,284.88349514563106
1217,CT1,13,2939.0,226.07692307692307
1217,CT2,36,10152.0,282.0
1218,CT1,41,15533.0,378.8536585365854
1218,CT2,111,34173.0,307.86486486486484
1219,CT1,1,77.0,77.0
1219,CT2,16,4380.0,273.75
1220,CT1,40,10220.0,255.5
1220,CT2,36,9822.0,272.8333333333333
1221,CT1,32,6408.0,200.25
1221,CT2,14,4212.0,300.85714285714283
1222,CT1,14,2880.0,205.71428571428572
1222,CT2,10,3282.0,328.2
1223,CT1,1,111.0,111.0
1223,CT2,57,17295.0,303.42105263157896
1224,CT2,30,9120.0,304.0
1226,CT2,8,2586.0,323.25
1229,CT1,4,1328.0,332.0
1229,CT2,22,7722.0,351.0
1230,CT1,1,485.0,485.0
1230,CT2,11,3135.0,285.0
1231,CT1,1,77.0,77.0
1231,CT2,17,4893.0,287.8235294117647
1232,CT1,84,16770.0,199.64285714285714
1232,CT2,252,74496.0,295.6190476190476
1233,CT1,73,12353.0,169.21917808219177
1233,CT2,81,23799.0,293.81481481481484
1234,CT1,7,1185.0,169.28571428571428
1234,CT2,46,12774.0,277.69565217391306
1235,CT2,54,15690.0,290.55555555555554
1236,CT1,1,145.0,145.0
1237,CT2,1,249.0,249.0
1239,CT2,37,10335.0,279.3243243243243
1240,CT2,19,5457.0,287.2105263157895
1241,CT1,1,485.0,485.0
1241,CT2,2,828.0,414.0
1242,CT1,50,7488.0,149.76
1242,CT2,31,9831.0,317.1290322580645
1243,CT2,7,1611.0,230.14285714285714
1244,CT2,16,4908.0,306.75
1245,CT2,11,2607.0,237.0
1246,CT1,7,2103.0,300.42857142857144
1246,CT2,4,1392.0,348.0
1247,CT1,1,485.0,485.0
1247,CT2,5,1443.0,288.6
1248,CT1,1,77.0,77.0
1248,CT2,9,2769.0,307.6666666666667
1249,CT1,28,5726.0,204.5
1249,CT2,13,3633.0,279.46153846153845
1250,CT1,20,3716.0,185.8
1250,CT2,24,7428.0,309.5
1251,CT1,5,1405.0,281.0
1251,CT2,1,249.0,249.0
1252,CT1,9,1135.0,126.11111111111111
1252,CT2,4,1326.0,331.5
1253,CT1,2,664.0,332.0
1253,CT2,14,4212.0,300.85714285714283
1254,CT2,34,10182.0,299.47058823529414
1255,CT2,59,17133.0,290.3898305084746
1256,CT1,18,1794.0,99.66666666666667
1256,CT2,98,26844.0,273.9183673469388
1257,CT2,3,681.0,227.0
1260,CT1,8,3744.0,468.0
1260,CT2,7,1875.0,267.85714285714283
1261,CT2,15,3999.0,266.6
1263,CT1,6,1278.0,213.0
1263,CT2,37,11391.0,307.86486486486484
1264,CT2,1,183.0,183.0
1265,CT1,9,2733.0,303.6666666666667
1265,CT2,22,6468.0,294.0
1266,CT1,19,6291.0,331.10526315789474
1266,CT2,42,13362.0,318.14285714285717
1267,CT1,9,1713.0,190.33333333333334
1267,CT2,36,11340.0,315.0
1268,CT2,11,2805.0,255.0
1269,CT1,2,664.0,332.0
1270,CT1,86,12368.0,143.8139534883721
1270,CT2,25,7941.0,317.64
1271,CT1,1,281.0,281.0
1271,CT2,15,4197.0,279.8
1272,CT2,8,2256.0,282.0
1273,CT2,14,4212.0,300.85714285714283
1275,CT2,18,5208.0,289.3333333333333
1276,CT2,4,1062.0,265.5
1278,CT2,8,2916.0,364.5
1279,CT1,1,451.0,451.0
1279,CT2,7,1677.0,239.57142857142858
1280,CT2,17,4827.0,283.94117647058823
1281,CT1,20,3750.0,187.5
1281,CT2,15,4725.0,315.0
1285,CT2,15,4329.0,288.6
1286,CT1,1,485.0,485.0
1286,CT2,1,315.0,315.0
1287,CT2,12,3780.0,315.0
1289,CT1,3,911.0,303.6666666666667
1289,CT2,15,3999.0,266.6
1290,CT2,20,6102.0,305.1
1292,CT1,6,870.0,145.0
1292,CT2,4,1392.0,348.0
1293,CT2,56,15858.0,283.17857142857144
1294,CT1,1,145.0,145.0
1294,CT2,14,3948.0,282.0
1295,CT1,2,358.0,179.0
1295,CT2,1,183.0,183.0
1297,CT1,11,2785.0,253.1818181818182
1297,CT2,20,5376.0,268.8
1298,CT2,2,564.0,282.0
1300,CT1,31,8031.0,259.06451612903226
1300,CT2,42,12636.0,300.85714285714283
1301,CT1,11,2683.0,243.9090909090909
1301,CT2,30,8988.0,299.6
1302,CT1,6,462.0,77.0
1302,CT2,5,1641.0,328.2
1304,CT1,6,462.0,77.0
1304,CT2,8,2322.0,290.25
1305,CT2,6,1956.0,326.0
1308,CT2,195,57531.0,295.03076923076924
1309,CT2,22,6996.0,318.0
1311,CT1,2,630.0,315.0
1311,CT2,9,2637.0,293.0
1316,CT1,15,3977.0,265.1333333333333
1316,CT2,2,1224.0,612.0
1317,CT1,2,222.0,111.0
1320,CT1,6,1074.0,179.0
1320,CT2,1,183.0,183.0
1321,CT1,10,3014.0,301.4
1321,CT2,19,5721.0,301.10526315789474
1325,CT1,5,793.0,158.6
1325,CT2,4,1260.0,315.0
1326,CT1,6,1074.0,179.0
1326,CT2,2,564.0,282.0
1327,CT1,14,2608.0,186.28571428571428
1327,CT2,5,1377.0,275.4
1328,CT2,1,315.0,315.0
1329,CT1,13,4265.0,328.0769230769231
1329,CT2,63,20043.0,318.14285714285717
1331,CT1,17,7463.0,439.0
1331,CT2,52,15852.0,304.84615384615387
1332,CT1,27,7247.0,268.4074074074074
1332,CT2,14,3816.0,272.57142857142856
1334,CT1,22,2952.0,134.1818181818182
1334,CT2,16,4446.0,277.875
1338,CT1,1,43.0,43.0
1338,CT2,11,3399.0,309.0
1340,CT2,1,447.0,447.0
1341,CT1,13,2667.0,205.15384615384616
1341,CT2,14,4014.0,286.7142857142857
1342,CT1,12,1740.0,145.0
1342,CT2,14,4740.0,338.57142857142856
1343,CT1,4,1464.0,366.0
1343,CT2,58,17544.0,302.48275862068965
1344,CT1,2,970.0,485.0
1344,CT2,45,12657.0,281.26666666666665
1345,CT1,3,1319.0,439.6666666666667
1345,CT2,4,1326.0,331.5
1346,CT2,13,3963.0,304.84615384615387
1347,CT1,36,8994.0,249.83333333333334
1347,CT2,1,315.0,315.0
1348,CT2,7,1743.0,249.0
1349,CT1,25,7603.0,304.12
1349,CT2,56,15792.0,282.0
1350,CT2,60,17580.0,293.0
1351,CT1,47,13547.0,288.2340425531915
1351,CT2,40,12996.0,324.9
1352,CT1,13,4435.0,341.15384615384613
1352,CT2,13,4161.0,320.0769230769231
1353,CT1,1,485.0,485.0
1353,CT2,77,23001.0,298.7142857142857
1354,CT1,2,970.0,485.0
1354,CT2,47,15135.0,322.02127659574467
1355,CT1,5,1677.0,335.4
1355,CT2,36,11010.0,305.8333333333333
1356,CT1,1,485.0,485.0
1356,CT2,2,696.0,348.0
1357,CT2,2,630.0,315.0
1358,CT1,14,6586.0,470.42857142857144
1358,CT2,47,13485.0,286.9148936170213
1361,CT1,74,12090.0,163.3783783783784
1361,CT2,88,26004.0,295.5
1362,CT2,58,16884.0,291.1034482758621
1363,CT1,51,10081.0,197.66666666666666
1363,CT2,46,13698.0,297.7826086956522
1364,CT2,67,18993.0,283.4776119402985
1365,CT2,67,19719.0,294.3134328358209
1366,CT2,12,3780.0,315.0
1367,CT2,48,13800.0,287.5
1368,CT1,20,3988.0,199.4
1368,CT2,7,2073.0,296.14285714285717
1369,CT1,6,1074.0,179.0
1369,CT2,2,366.0,183.0
1370,CT1,59,10187.0,172.66101694915255
1370,CT2,13,4491.0,345.46153846153845
1371,CT2,2,762.0,381.0
1372,CT2,10,3348.0,334.8
1374,CT2,8,2256.0,282.0
1379,CT1,1,485.0,485.0
1379,CT2,14,4014.0,286.7142857142857
1380,CT1,2,664.0,332.0
1380,CT2,27,7581.0,280.77777777777777
1381,CT2,9,2571.0,285.6666666666667
1382,CT2,5,1773.0,354.6
1383,CT2,7,2865.0,409.2857142857143
1384,CT2,4,1260.0,315.0
1385,CT2,4,996.0,249.0
1386,CT1,4,1158.0,289.5
1388,CT2,27,7713.0,285.6666666666667
1391,CT1,1,77.0,77.0
1391,CT2,23,7575.0,329.3478260869565
1392,CT2,43,11829.0,275.09302325581393
1393,CT2,8,2850.0,356.25
1394,CT2,2,630.0,315.0
1396,CT2,11,3597.0,327.0
1398,CT1,44,11582.0,263.22727272727275
1398,CT2,80,23682.0,296.025
1399,CT2,9,2505.0,278.3333333333333
1400,CT2,9,3231.0,359.0
1401,CT1,3,435.0,145.0
1401,CT2,4,1194.0,298.5
1403,CT1,25,4135.0,165.4
1403,CT2,10,3150.0,315.0
1404,CT2,9,3231.0,359.0
1406,CT2,21,6153.0,293.0
1407,CT2,2,696.0,348.0
1408,CT2,15,4527.0,301.8
1409,CT2,12,3846.0,320.5
1410,CT2,8,2586.0,323.25
1412,CT2,5,1509.0,301.8
1413,CT1,6,462.0,77.0
1413,CT2,6,1626.0,271.0
1414,CT1,1,485.0,485.0
1415,CT1,5,1473.0,294.6
1415,CT2,331,98325.0,297.05438066465257
1416,CT2,5,1443.0,288.6
1417,CT1,31,6025.0,194.3548387096774
1417,CT2,26,8256.0,317.53846153846155
1418,CT1,57,8061.0,141.42105263157896
1418,CT2,153,42387.0,277.03921568627453
1421,CT2,50,15750.0,315.0
1424,CT2,10,3282.0,328.2
1425,CT1,4,1940.0,485.0
1425,CT2,7,2205.0,315.0
1429,CT1,1,213.0,213.0
1429,CT2,12,3846.0,320.5
1430,CT2,24,6570.0,273.75
1431,CT1,3,1285.0,428.3333333333333
1431,CT2,2,498.0,249.0
1435,CT2,18,5868.0,326.0
1436,CT1,53,14655.0,276.50943396226415
1436,CT2,6,1824.0,304.0
1438,CT2,5,1839.0,367.8
1439,CT1,12,1740.0,145.0
1439,CT2,2,630.0,315.0
1443,CT1,3,639.0,213.0
1443,CT2,15,5121.0,341.4
1444,CT2,3,1077.0,359.0
1445,CT2,25,7017.0,280.68
1446,CT1,9,2019.0,224.33333333333334
1446,CT2,46,13632.0,296.3478260869565
1448,CT2,1,117.0,117.0
1449,CT2,3,747.0,249.0
1450,CT2,2,564.0,282.0
1451,CT2,3,615.0,205.0
1452,CT2,9,2637.0,293.0
1453,CT2,3,1143.0,381.0
1454,CT2,15,4395.0,293.0
1455,CT2,5,1377.0,275.4
1456,CT1,55,11987.0,217.94545454545454
1456,CT2,15,4989.0,332.6
1457,CT2,2,630.0,315.0
1458,CT1,27,3949.0,146.25925925925927
1458,CT2,12,3846.0,320.5
1459,CT2,2,432.0,216.0
1460,CT2,3,615.0,205.0
1461,CT1,3,1115.0,371.6666666666667
1461,CT2,44,14388.0,327.0
1463,CT1,14,5770.0,412.14285714285717
1463,CT2,27,7845.0,290.55555555555554
1464,CT1,6,666.0,111.0
1464,CT2,1,249.0,249.0
1465,CT2,39,11691.0,299.7692307692308
1466,CT1,1,485.0,485.0
1466,CT2,45,12525.0,278.3333333333333
1468,CT1,33,6315.0,191.36363636363637
1468,CT2,102,28500.0,279.4117647058824
1469,CT1,6,1482.0,247.0
1469,CT2,20,6234.0,311.7
1471,CT1,23,3267.0,142.04347826086956
1471,CT2,9,2703.0,300.3333333333333
1472,CT2,2,564.0,282.0
1473,CT2,4,1260.0,315.0
1474,CT1,6,1278.0,213.0
1474,CT2,3,945.0,315.0
1478,CT2,3,813.0,271.0
1479,CT1,1,485.0,485.0
1479,CT2,13,3963.0,304.84615384615387
1480,CT2,5,1509.0,301.8
1481,CT1,6,1278.0,213.0
1481,CT2,2,432.0,216.0
1485,CT2,2,498.0,249.0
1487,CT2,8,2124.0,265.5
1489,CT2,7,1743.0,249.0
1493,CT1,6,258.0,43.0
1493,CT2,2,696.0,348.0
1497,CT2,97,27981.0,288.4639175257732
1498,CT1,3,333.0,111.0
1498,CT2,61,17433.0,285.78688524590166
1499,CT2,18,4812.0,267.3333333333333
1500,CT1,1,315.0,315.0
1500,CT2,19,6183.0,325.42105263157896
1501,CT2,53,16233.0,306.2830188679245
1502,CT1,3,979.0,326.3333333333333
1502,CT2,9,2835.0,315.0
1503,CT1,44,10392.0,236.1818181818182
1503,CT2,10,2622.0,262.2
1504,CT1,37,12607.0,340.72972972972974
1504,CT2,78,21666.0,277.7692307692308
1505,CT1,26,4144.0,159.3846153846154
1505,CT2,66,19602.0,297.0
1506,CT1,2,528.0,264.0
1506,CT2,159,47775.0,300.47169811320754
1508,CT1,3,1285.0,428.3333333333333
1508,CT2,1,315.0,315.0
1509,CT1,5,2051.0,410.2
1509,CT2,78,22854.0,293.0
1510,CT1,31,4631.0,149.38709677419354
1510,CT2,118,33936.0,287.59322033898303
1512,CT1,7,1967.0,281.0
1512,CT2,200,61020.0,305.1
1513,CT1,35,5551.0,158.6
1513,CT2,70,20664.0,295.2
1514,CT1,1,383.0,383.0
1514,CT2,16,4776.0,298.5
1515,CT1,21,5833.0,277.76190476190476
1515,CT2,80,23022.0,287.775
1516,CT2,1,447.0,447.0
1517,CT1,5,1371.0,274.2
1517,CT2,175,51099.0,291.9942857142857
1518,CT1,15,3059.0,203.93333333333334
1518,CT2,7,2073.0,296.14285714285717
1519,CT1,81,19123.0,236.08641975308643
1520,CT1,98,15706.0,160.26530612244898
1520,CT2,18,4944.0,274.6666666666667
1521,CT1,1,417.0,417.0
1521,CT2,61,17697.0,290.11475409836066
1522,CT1,15,3229.0,215.26666666666668
1522,CT2,14,4410.0,315.0
1523,CT1,3,979.0,326.3333333333333
1523,CT2,3,879.0,293.0
1524,CT2,90,26634.0,295.93333333333334
1525,CT2,3,1143.0,381.0
1526,CT1,5,1337.0,267.4
1526,CT2,89,26649.0,299.4269662921348
1527,CT1,41,13731.0,334.9024390243902
1527,CT2,96,27534.0,286.8125
1528,CT1,37,5977.0,161.54054054054055
1528,CT2,1,249.0,249.0
1529,CT1,14,2132.0,152.28571428571428
1529,CT2,29,8673.0,299.0689655172414
1530,CT1,25,5801.0,232.04
1530,CT2,1,447.0,447.0
1531,CT1,7,1287.0,183.85714285714286
1531,CT2,1,447.0,447.0
1532,CT1,17,3111.0,183.0
1532,CT2,1,315.0,315.0
1533,CT1,60,12576.0,209.6
1533,CT2,112,31914.0,284.94642857142856
1534,CT1,7,1015.0,145.0
1534,CT2,6,1758.0,293.0
1535,CT1,2,494.0,247.0
1535,CT2,3,945.0,315.0
1537,CT2,9,3033.0,337.0
1538,CT1,9,2563.0,284.77777777777777
1538,CT2,9,2703.0,300.3333333333333
1539,CT1,10,2504.0,250.4
1539,CT2,6,1428.0,238.0
1540,CT1,2,970.0,485.0
1540,CT2,36,11208.0,311.3333333333333
1544,CT1,8,2452.0,306.5
1544,CT2,63,20637.0,327.57142857142856
1548,CT1,14,6008.0,429.14285714285717
1548,CT2,10,2622.0,262.2
1549,CT1,4,1056.0,264.0
1549,CT2,20,7356.0,367.8
1552,CT2,32,9882.0,308.8125
1553,CT1,32,9060.0,283.125
1553,CT2,83,24363.0,293.5301204819277
1554,CT2,6,2088.0,348.0
1556,CT1,4,1872.0,468.0
1556,CT2,29,9201.0,317.2758620689655
1557,CT1,8,2928.0,366.0
1557,CT2,40,12204.0,305.1
1558,CT1,1,485.0,485.0
1558,CT2,45,12987.0,288.6
1559,CT2,9,2901.0,322.3333333333333
1561,CT1,8,2860.0,357.5
1561,CT2,1,249.0,249.0
1562,CT1,28,6270.0,223.92857142857142
1562,CT2,281,84753.0,301.61209964412814
1563,CT1,3,333.0,111.0
1563,CT2,33,10329.0,313.0
1564,CT1,3,843.0,281.0
1564,CT2,123,37689.0,306.4146341463415
1565,CT2,136,39870.0,293.1617647058824
1566,CT1,9,2189.0,243.22222222222223
1566,CT2,29,9465.0,326.37931034482756
1567,CT1,5,1133.0,226.6
1567,CT2,14,4476.0,319.7142857142857
1569,CT1,3,1455.0,485.0
1569,CT2,39,11625.0,298.0769230769231
1570,CT1,46,12144.0,264.0
1570,CT2,1,249.0,249.0
1571,CT2,3,879.0,293.0
1572,CT2,1,447.0,447.0
1573,CT2,17,5157.0,303.3529411764706
1574,CT2,3,813.0,271.0
1575,CT1,15,6323.0,421.53333333333336
1575,CT2,57,18219.0,319.63157894736844
1577,CT1,11,5029.0,457.1818181818182
1577,CT2,66,19470.0,295.0
1578,CT1,11,2377.0,216.0909090909091
1578,CT2,50,15618.0,312.36
1579,CT1,110,22104.0,200.94545454545454
1579,CT2,1,645.0,645.0
1580,CT1,6,1074.0,179.0
1580,CT2,28,8160.0,291.42857142857144
1581,CT1,7,1151.0,164.42857142857142
1581,CT2,4,1590.0,397.5
1582,CT1,1,485.0,485.0
1582,CT2,50,15750.0,315.0
1583,CT1,2,970.0,485.0
1583,CT2,5,1905.0,381.0
1584,CT1,9,3753.0,417.0
1584,CT2,11,3135.0,285.0
1585,CT1,17,2397.0,141.0
1585,CT2,10,2820.0,282.0
1586,CT1,35,5993.0,171.22857142857143
1586,CT2,45,13647.0,303.26666666666665
1587,CT1,29,4205.0,145.0
1587,CT2,7,2271.0,324.42857142857144
1588,CT2,6,1890.0,315.0
1591,CT1,2,970.0,485.0
1591,CT2,39,12747.0,326.84615384615387
1592,CT1,1,213.0,213.0
1592,CT2,18,5604.0,311.3333333333333
1593,CT1,2,902.0,451.0
1593,CT2,17,4695.0,276.1764705882353
1594,CT2,3,747.0,249.0
1595,CT1,6,258.0,43.0
1595,CT2,6,1758.0,293.0
1596,CT1,2,698.0,349.0
1596,CT2,42,12900.0,307.14285714285717
1597,CT1,12,2148.0,179.0
1597,CT2,1,381.0,381.0
1598,CT1,10,1484.0,148.4
1598,CT2,64,19038.0,297.46875
1601,CT1,15,6595.0,439.6666666666667
1601,CT2,6,1758.0,293.0
1602,CT1,7,2409.0,344.14285714285717
1602,CT2,34,9192.0,270.3529411764706
1603,CT2,100,29124.0,291.24
1604,CT2,13,3501.0,269.3076923076923
1605,CT1,3,1455.0,485.0
1605,CT2,15,4923.0,328.2
1606,CT1,5,1405.0,281.0
1606,CT2,80,24012.0,300.15
1610,CT1,2,222.0,111.0
1610,CT2,17,4563.0,268.4117647058824
1611,CT1,44,8182.0,185.95454545454547
1611,CT2,60,16986.0,283.1
1615,CT2,38,10782.0,283.7368421052632
1616,CT1,29,4239.0,146.17241379310346
1616,CT2,4,1128.0,282.0
1618,CT1,6,870.0,145.0
1618,CT2,19,6051.0,318.4736842105263
1619,CT1,7,2171.0,310.14285714285717
1619,CT2,10,3546.0,354.6
1620,CT1,7,573.0,81.85714285714286
1620,CT2,30,10176.0,339.2
1621,CT1,12,3270.0,272.5
1621,CT2,21,6879.0,327.57142857142856
1622,CT1,20,5450.0,272.5
1622,CT2,26,7266.0,279.46153846153845
1623,CT2,15,4329.0,288.6
1624,CT2,22,7062.0,321.0
1626,CT1,3,809.0,269.6666666666667
1626,CT2,14,4014.0,286.7142857142857
1627,CT1,1,485.0,485.0
1627,CT2,17,4893.0,287.8235294117647
1628,CT1,24,4432.0,184.66666666666666
1628,CT2,10,3084.0,308.4
1629,CT1,3,1217.0,405.6666666666667
1629,CT2,38,11376.0,299.36842105263156
1630,CT1,5,997.0,199.4
1630,CT2,5,1773.0,354.6
1631,CT1,21,4303.0,204.9047619047619
1631,CT2,141,40587.0,287.8510638297872
1633,CT1,6,870.0,145.0
1633,CT2,2,630.0,315.0
1635,CT1,19,1871.0,98.47368421052632
1635,CT2,7,2139.0,305.57142857142856
1636,CT1,7,1831.0,261.57142857142856
1636,CT2,1,117.0,117.0
1637,CT1,6,870.0,145.0
1637,CT2,5,1575.0,315.0
1638,CT1,11,2003.0,182.0909090909091
1638,CT2,13,4425.0,340.38461538461536
1639,CT2,10,2886.0,288.6
1640,CT2,24,7098.0,295.75
1641,CT1,2,290.0,145.0
1641,CT2,14,9162.0,654.4285714285714
1642,CT1,1,485.0,485.0
1642,CT2,13,4095.0,315.0
1645,CT2,2,564.0,282.0
1649,CT2,38,10782.0,283.7368421052632
1650,CT1,1,213.0,213.0
1650,CT2,20,6168.0,308.4
1651,CT1,9,4025.0,447.22222222222223
1653,CT2,4,1128.0,282.0
1654,CT1,2,324.0,162.0
1654,CT2,52,14928.0,287.0769230769231
1656,CT1,1,485.0,485.0
1656,CT2,32,9090.0,284.0625
1658,CT1,11,3261.0,296.45454545454544
1658,CT2,22,6732.0,306.0
1659,CT2,9,2835.0,315.0
1661,CT2,34,9390.0,276.1764705882353
1662,CT2,38,12168.0,320.2105263157895
1663,CT2,13,4029.0,309.9230769230769
1664,CT2,124,36090.0,291.0483870967742
1668,CT2,8,1728.0,216.0
1669,CT2,3,813.0,271.0
1670,CT1,2,630.0,315.0
1670,CT2,25,7149.0,285.96
1671,CT2,7,2205.0,315.0
1673,CT1,2,324.0,162.0
1673,CT2,20,5970.0,298.5
1677,CT1,7,1831.0,261.57142857142856
1677,CT2,8,2058.0,257.25
1680,CT2,5,1443.0,288.6
1682,CT1,45,8871.0,197.13333333333333
1682,CT2,29,7815.0,269.48275862068965
1683,CT2,11,4125.0,375.0
1684,CT1,71,15497.0,218.26760563380282
1684,CT2,32,9684.0,302.625
1685,CT2,15,4725.0,315.0
1686,CT1,19,7855.0,413.42105263157896
1686,CT2,19,5919.0,311.5263157894737
1687,CT1,5,3615.0,723.0
1687,CT2,5,1377.0,275.4
1689,CT2,20,6564.0,328.2
1690,CT1,1,247.0,247.0
1690,CT2,11,3135.0,285.0
1691,CT1,10,1688.0,168.8
1691,CT2,116,32976.0,284.2758620689655
1692,CT2,1,249.0,249.0
1693,CT2,16,5172.0,323.25
1694,CT1,18,2508.0,139.33333333333334
1694,CT2,46,13038.0,283.4347826086956
1696,CT1,63,11447.0,181.6984126984127
1696,CT2,157,48135.0,306.5923566878981
1697,CT2,86,26562.0,308.86046511627904
1698,CT2,9,2835.0,315.0
1699,CT1,4,886.0,221.5
1699,CT2,43,11763.0,273.5581395348837
1700,CT2,3,1011.0,337.0
1701,CT1,11,3941.0,358.27272727272725
1701,CT2,6,1824.0,304.0
1702,CT1,20,4634.0,231.7
1702,CT2,25,8205.0,328.2
1705,CT1,4,512.0,128.0
1705,CT2,192,58896.0,306.75
1707,CT1,37,7065.0,190.94594594594594
1707,CT2,87,25491.0,293.0
1708,CT2,16,4050.0,253.125
1713,CT1,1,145.0,145.0
1718,CT1,25,6685.0,267.4
1718,CT2,13,4557.0,350.53846153846155
1720,CT1,1,43.0,43.0
1720,CT2,1,315.0,315.0
1721,CT2,1,249.0,249.0
1722,CT2,1,249.0,249.0
1723,CT2,25,6819.0,272.76
1724,CT1,6,666.0,111.0
1724,CT2,1,315.0,315.0
1725,CT1,13,2871.0,220.84615384615384
1725,CT2,19,5919.0,311.5263157894737
1726,CT1,1,179.0,179.0
1726,CT2,2,498.0,249.0
1727,CT2,17,5883.0,346.05882352941177
1729,CT1,65,13301.0,204.63076923076923
1729,CT2,5,1773.0,354.6
1730,CT1,1,111.0,111.0
1730,CT2,28,7236.0,258.42857142857144
1731,CT1,23,4525.0,196.7391304347826
1731,CT2,18,5010.0,278.3333333333333
1732,CT2,7,2205.0,315.0
1735,CT2,9,3033.0,337.0
1736,CT2,20,5574.0,278.7
1737,CT1,3,2441.0,813.6666666666666
1737,CT2,31,9171.0,295.83870967741933
1738,CT2,4,1656.0,414.0
1740,CT1,25,4611.0,184.44
1740,CT2,13,4095.0,315.0
1741,CT1,6,904.0,150.66666666666666
1743,CT2,13,3831.0,294.6923076923077
1744,CT1,17,2975.0,175.0
1744,CT2,8,2784.0,348.0
1746,CT2,48,14724.0,306.75
1747,CT2,3,1011.0,337.0
1748,CT2,12,2988.0,249.0
1749,CT1,11,2275.0,206.8181818181818
1749,CT2,31,9567.0,308.61290322580646
1750,CT2,9,2373.0,263.6666666666667
1753,CT1,1,247.0,247.0
1753,CT2,5,981.0,196.2
1754,CT2,8,2718.0,339.75
1755,CT2,16,4446.0,277.875
1757,CT2,10,2820.0,282.0
1758,CT2,2,828.0,414.0
1759,CT1,1,485.0,485.0
1759,CT2,43,12225.0,284.30232558139534
1760,CT1,8,2554.0,319.25
1761,CT1,2,970.0,485.0
1761,CT2,79,22839.0,289.1012658227848
1762,CT1,27,4867.0,180.25925925925927
1762,CT2,15,5319.0,354.6
1763,CT1,1,485.0,485.0
1763,CT2,31,9369.0,302.2258064516129
1764,CT2,14,4146.0,296.14285714285717
1765,CT1,82,13114.0,159.9268292682927
1765,CT2,70,20136.0,287.65714285714284
1766,CT2,47,14013.0,298.1489361702128
1767,CT1,13,3041.0,233.92307692307693
1767,CT2,21,5823.0,277.2857142857143
1768,CT1,1,281.0,281.0
1768,CT2,13,3501.0,269.3076923076923
1769,CT1,49,7921.0,161.6530612244898
1769,CT2,19,5061.0,266.36842105263156
1771,CT1,51,6579.0,129.0
1771,CT2,25,7413.0,296.52
1772,CT1,6,2706.0,451.0
1772,CT2,2,630.0,315.0
1774,CT1,5,1677.0,335.4
1774,CT2,28,8094.0,289.07142857142856
1775,CT1,15,3535.0,235.66666666666666
1775,CT2,32,9486.0,296.4375
1776,CT1,94,15228.0,162.0
1776,CT2,19,5721.0,301.10526315789474
1777,CT2,28,8226.0,293.7857142857143
1778,CT1,2,970.0,485.0
1778,CT2,78,24834.0,318.38461538461536
1779,CT2,5,1509.0,301.8
1780,CT1,4,478.0,119.5
1780,CT2,43,13083.0,304.25581395348837
1781,CT1,2,834.0,417.0
1783,CT2,5,1641.0,328.2
1784,CT1,2,460.0,230.0
1784,CT2,3,1011.0,337.0
1785,CT1,1,383.0,383.0
1785,CT2,7,2007.0,286.7142857142857
1786,CT1,1,213.0,213.0
1786,CT2,29,8409.0,289.9655172413793
1787,CT2,28,8226.0,293.7857142857143
1788,CT1,2,698.0,349.0
1788,CT2,7,2733.0,390.42857142857144
1789,CT2,5,1443.0,288.6
1790,CT2,1,315.0,315.0
1791,CT1,1,485.0,485.0
1791,CT2,1,249.0,249.0
1792,CT2,1,315.0,315.0
1793,CT1,3,1047.0,349.0
1793,CT2,9,2901.0,322.3333333333333
1794,CT2,19,5655.0,297.63157894736844
1795,CT1,12,5820.0,485.0
1795,CT2,3,747.0,249.0
1796,CT1,6,666.0,111.0
1797,CT1,1,315.0,315.0
1797,CT2,29,8739.0,301.3448275862069
1800,CT1,1,77.0,77.0
1801,CT1,51,12563.0,246.33333333333334
1802,CT2,19,5127.0,269.8421052631579
1803,CT1,6,1754.0,292.3333333333333
1803,CT2,128,37548.0,293.34375
1804,CT1,2,766.0,383.0
1804,CT2,6,2220.0,370.0
1805,CT2,9,2505.0,278.3333333333333
1806,CT2,22,6600.0,300.0
1807,CT1,19,2551.0,134.26315789473685
1807,CT2,27,7845.0,290.55555555555554
1808,CT2,42,12900.0,307.14285714285717
1810,CT2,2,366.0,183.0
1811,CT2,6,1692.0,282.0
1812,CT2,5,1509.0,301.8
1813,CT2,5,1443.0,288.6
