PID,num_mins,num_hours,num_weeks,num_CC
6,19298.0,321.6333333333333,6.18525641025641,0.15463141025641025
8,30459.0,507.65,9.7625,0.2440625
9,18959.0,315.98333333333335,6.076602564102564,0.1519150641025641
10,1062.0,17.7,0.3403846153846154,0.008509615384615385
11,7685.0,128.08333333333334,2.463141025641026,0.06157852564102565
12,7518.0,125.3,2.4096153846153845,0.06024038461538461
13,7502.0,125.03333333333333,2.4044871794871794,0.060112179487179486
14,15852.0,264.2,5.0807692307692305,0.12701923076923077
15,10533.0,175.55,3.3759615384615387,0.08439903846153847
17,25271.0,421.18333333333334,8.099679487179488,0.2024919871794872
18,10863.0,181.05,3.4817307692307695,0.08704326923076924
19,9207.0,153.45,2.9509615384615384,0.07377403846153846
20,6269.0,104.48333333333333,2.009294871794872,0.0502323717948718
21,1420.0,23.666666666666668,0.4551282051282052,0.01137820512820513
22,21227.0,353.78333333333336,6.803525641025642,0.17008814102564104
23,4056.0,67.6,1.2999999999999998,0.032499999999999994
25,22582.0,376.3666666666667,7.237820512820513,0.18094551282051283
27,1836.0,30.6,0.5884615384615385,0.014711538461538462
28,14064.0,234.4,4.507692307692308,0.11269230769230769
29,1747.0,29.116666666666667,0.5599358974358974,0.013998397435897435
31,14164.0,236.06666666666666,4.53974358974359,0.11349358974358974
33,2139.0,35.65,0.6855769230769231,0.017139423076923076
35,1194.0,19.9,0.38269230769230766,0.009567307692307691
37,498.0,8.3,0.15961538461538463,0.003990384615384616
38,3133.0,52.21666666666667,1.0041666666666667,0.025104166666666667
41,2139.0,35.65,0.6855769230769231,0.017139423076923076
42,4314.0,71.9,1.3826923076923079,0.034567307692307696
43,1494.0,24.9,0.4788461538461538,0.011971153846153845
45,27286.0,454.76666666666665,8.74551282051282,0.2186378205128205
46,315.0,5.25,0.10096153846153846,0.0025240384615384617
47,3669.0,61.15,1.1759615384615385,0.029399038461538463
48,2015.0,33.583333333333336,0.6458333333333334,0.016145833333333335
49,11498.0,191.63333333333333,3.68525641025641,0.09213141025641025
50,963.0,16.05,0.30865384615384617,0.007716346153846154
52,12740.0,212.33333333333334,4.083333333333334,0.10208333333333335
53,798.0,13.3,0.2557692307692308,0.00639423076923077
54,12885.0,214.75,4.1298076923076925,0.10324519230769232
55,4138.0,68.96666666666667,1.3262820512820512,0.03315705128205128
56,1539.0,25.65,0.49326923076923074,0.012331730769230768
59,3399.0,56.65,1.0894230769230768,0.02723557692307692
60,3741.0,62.35,1.1990384615384615,0.029975961538461538
61,6714.0,111.9,2.151923076923077,0.05379807692307692
64,9316.0,155.26666666666668,2.985897435897436,0.0746474358974359
65,7888.0,131.46666666666667,2.528205128205128,0.0632051282051282
66,117.0,1.95,0.0375,0.0009375
67,2886.0,48.1,0.925,0.023125
68,9890.0,164.83333333333334,3.169871794871795,0.07924679487179488
69,5304.0,88.4,1.7000000000000002,0.0425
70,2256.0,37.6,0.7230769230769231,0.018076923076923077
72,6183.0,103.05,1.981730769230769,0.049543269230769224
73,6410.0,106.83333333333333,2.0544871794871793,0.051362179487179485
74,1194.0,19.9,0.38269230769230766,0.009567307692307691
75,1758.0,29.3,0.5634615384615385,0.014086538461538461
77,1807.0,30.116666666666667,0.5791666666666667,0.014479166666666668
78,1062.0,17.7,0.3403846153846154,0.008509615384615385
80,11496.0,191.6,3.6846153846153844,0.09211538461538461
81,5106.0,85.1,1.6365384615384615,0.04091346153846154
82,5823.0,97.05,1.8663461538461539,0.04665865384615385
83,32536.0,542.2666666666667,10.428205128205128,0.2607051282051282
84,4182.0,69.7,1.3403846153846155,0.03350961538461539
90,8466.0,141.1,2.713461538461538,0.06783653846153845
92,54352.0,905.8666666666667,17.42051282051282,0.4355128205128205
93,5885.0,98.08333333333333,1.8862179487179487,0.04715544871794872
94,20191.0,336.51666666666665,6.471474358974358,0.16178685897435896
95,35715.0,595.25,11.447115384615385,0.2861778846153846
96,12291.0,204.85,3.939423076923077,0.09848557692307693
97,941.0,15.683333333333334,0.3016025641025641,0.007540064102564102
98,7917.0,131.95,2.5374999999999996,0.0634375
99,5423.0,90.38333333333334,1.7381410256410257,0.04345352564102564
100,23886.0,398.1,7.6557692307692315,0.1913942307692308
104,1077.0,17.95,0.3451923076923077,0.008629807692307692
105,15899.0,264.98333333333335,5.095833333333333,0.12739583333333332
107,696.0,11.6,0.22307692307692306,0.0055769230769230765
108,564.0,9.4,0.18076923076923077,0.004519230769230769
109,1560.0,26.0,0.5,0.0125
111,3318.0,55.3,1.0634615384615385,0.02658653846153846
112,890.0,14.833333333333334,0.28525641025641024,0.007131410256410256
114,8774.0,146.23333333333332,2.812179487179487,0.07030448717948717
115,19323.0,322.05,6.193269230769231,0.1548317307692308
116,1196.0,19.933333333333334,0.38333333333333336,0.009583333333333334
117,1305.0,21.75,0.4182692307692308,0.01045673076923077
118,666.0,11.1,0.21346153846153845,0.005336538461538461
119,1296.0,21.6,0.4153846153846154,0.010384615384615384
121,2052.0,34.2,0.6576923076923078,0.016442307692307694
122,61172.0,1019.5333333333333,19.606410256410257,0.4901602564102564
123,1743.0,29.05,0.5586538461538462,0.013966346153846154
124,1707.0,28.45,0.5471153846153846,0.013677884615384614
126,1077.0,17.95,0.3451923076923077,0.008629807692307692
127,564.0,9.4,0.18076923076923077,0.004519230769230769
128,4276.0,71.26666666666667,1.3705128205128205,0.034262820512820515
129,945.0,15.75,0.30288461538461536,0.007572115384615384
131,1626.0,27.1,0.5211538461538462,0.013028846153846155
132,183.0,3.05,0.058653846153846154,0.0014663461538461538
133,16095.0,268.25,5.158653846153846,0.12896634615384614
136,485.0,8.083333333333334,0.15544871794871795,0.003886217948717949
137,630.0,10.5,0.20192307692307693,0.005048076923076923
138,3122.0,52.03333333333333,1.0006410256410256,0.02501602564102564
139,13381.0,223.01666666666668,4.288782051282052,0.1072195512820513
140,7637.0,127.28333333333333,2.44775641025641,0.06119391025641026
141,20677.0,344.6166666666667,6.62724358974359,0.16568108974358975
142,4607.0,76.78333333333333,1.476602564102564,0.0369150641025641
143,15556.0,259.26666666666665,4.985897435897436,0.1246474358974359
145,12076.0,201.26666666666668,3.870512820512821,0.09676282051282052
146,11565.0,192.75,3.706730769230769,0.09266826923076923
148,3921.0,65.35,1.2567307692307692,0.03141826923076923
149,4463.0,74.38333333333334,1.430448717948718,0.03576121794871795
150,13667.0,227.78333333333333,4.380448717948718,0.10951121794871795
151,1260.0,21.0,0.40384615384615385,0.010096153846153847
152,43063.0,717.7166666666667,13.80224358974359,0.34505608974358976
155,29525.0,492.0833333333333,9.463141025641026,0.23657852564102563
156,6702.0,111.7,2.148076923076923,0.05370192307692308
157,564.0,9.4,0.18076923076923077,0.004519230769230769
158,20114.0,335.23333333333335,6.446794871794872,0.1611698717948718
159,42471.0,707.85,13.6125,0.3403125
160,45797.0,763.2833333333333,14.67852564102564,0.366963141025641
161,8170.0,136.16666666666666,2.6185897435897436,0.0654647435897436
162,666.0,11.1,0.21346153846153845,0.005336538461538461
163,19956.0,332.6,6.3961538461538465,0.15990384615384617
164,17010.0,283.5,5.451923076923077,0.1362980769230769
165,21264.0,354.4,6.815384615384615,0.17038461538461538
166,30681.0,511.35,9.833653846153847,0.24584134615384617
167,3611.0,60.18333333333333,1.1573717948717948,0.028934294871794868
168,83888.0,1398.1333333333334,26.887179487179488,0.6721794871794872
169,10927.0,182.11666666666667,3.50224358974359,0.08755608974358975
170,22933.0,382.21666666666664,7.350320512820512,0.1837580128205128
172,315.0,5.25,0.10096153846153846,0.0025240384615384617
173,2820.0,47.0,0.9038461538461539,0.022596153846153846
174,12871.0,214.51666666666668,4.1253205128205135,0.10313301282051283
175,3567.0,59.45,1.143269230769231,0.028581730769230772
178,1251.0,20.85,0.4009615384615385,0.010024038461538463
183,3444.0,57.4,1.103846153846154,0.027596153846153847
184,575.0,9.583333333333334,0.1842948717948718,0.004607371794871795
185,6903.0,115.05,2.2125,0.0553125
186,4080.0,68.0,1.3076923076923077,0.032692307692307694
188,5640.0,94.0,1.8076923076923077,0.04519230769230769
190,5904.0,98.4,1.8923076923076925,0.047307692307692314
192,27081.0,451.35,8.679807692307692,0.21699519230769232
193,2058.0,34.3,0.6596153846153846,0.016490384615384615
195,22593.0,376.55,7.241346153846154,0.18103365384615383
199,6006.0,100.1,1.9249999999999998,0.048124999999999994
200,8028.0,133.8,2.5730769230769233,0.06432692307692309
201,8907.0,148.45,2.854807692307692,0.0713701923076923
202,4080.0,68.0,1.3076923076923077,0.032692307692307694
204,77.0,1.2833333333333334,0.024679487179487182,0.0006169871794871795
206,8118.0,135.3,2.601923076923077,0.06504807692307693
209,4746.0,79.1,1.521153846153846,0.03802884615384615
211,17055.0,284.25,5.466346153846154,0.13665865384615386
213,20574.0,342.9,6.5942307692307685,0.16485576923076922
214,15041.0,250.68333333333334,4.820833333333334,0.12052083333333334
215,3516.0,58.6,1.126923076923077,0.028173076923076922
216,3343.0,55.71666666666667,1.071474358974359,0.026786858974358972
218,4459.0,74.31666666666666,1.4291666666666667,0.035729166666666666
220,6441.0,107.35,2.064423076923077,0.051610576923076926
225,15950.0,265.8333333333333,5.112179487179487,0.12780448717948717
226,1322.0,22.033333333333335,0.42371794871794877,0.01059294871794872
229,800.0,13.333333333333334,0.25641025641025644,0.006410256410256411
231,10335.0,172.25,3.3125,0.0828125
233,3747.0,62.45,1.2009615384615384,0.03002403846153846
234,2139.0,35.65,0.6855769230769231,0.017139423076923076
237,930.0,15.5,0.2980769230769231,0.0074519230769230765
239,2988.0,49.8,0.9576923076923076,0.02394230769230769
241,5063.0,84.38333333333334,1.6227564102564105,0.04056891025641026
242,4288.0,71.46666666666667,1.3743589743589744,0.03435897435897436
243,1077.0,17.95,0.3451923076923077,0.008629807692307692
244,4637.0,77.28333333333333,1.4862179487179488,0.03715544871794872
245,996.0,16.6,0.31923076923076926,0.007980769230769232
246,2124.0,35.4,0.6807692307692308,0.01701923076923077
247,1128.0,18.8,0.36153846153846153,0.009038461538461539
249,1443.0,24.05,0.4625,0.0115625
250,996.0,16.6,0.31923076923076926,0.007980769230769232
252,5799.0,96.65,1.8586538461538462,0.04646634615384616
253,4470.0,74.5,1.4326923076923077,0.03581730769230769
254,21209.0,353.48333333333335,6.797756410256411,0.16994391025641026
255,381.0,6.35,0.12211538461538461,0.0030528846153846153
256,1311.0,21.85,0.4201923076923077,0.010504807692307692
257,6408.0,106.8,2.0538461538461537,0.05134615384615384
262,2307.0,38.45,0.739423076923077,0.018485576923076924
263,564.0,9.4,0.18076923076923077,0.004519230769230769
267,11006.0,183.43333333333334,3.5275641025641025,0.08818910256410256
268,3315.0,55.25,1.0625,0.0265625
269,12960.0,216.0,4.153846153846154,0.10384615384615385
270,4052.0,67.53333333333333,1.2987179487179488,0.03246794871794872
271,366.0,6.1,0.11730769230769231,0.0029326923076923076
272,7316.0,121.93333333333334,2.344871794871795,0.05862179487179488
273,24027.0,400.45,7.700961538461538,0.19252403846153845
274,4776.0,79.6,1.5307692307692307,0.038269230769230764
275,10157.0,169.28333333333333,3.2554487179487177,0.08138621794871795
276,747.0,12.45,0.2394230769230769,0.0059855769230769225
278,5394.0,89.9,1.728846153846154,0.04322115384615385
280,35884.0,598.0666666666667,11.501282051282052,0.2875320512820513
281,498.0,8.3,0.15961538461538463,0.003990384615384616
282,1077.0,17.95,0.3451923076923077,0.008629807692307692
283,1770.0,29.5,0.5673076923076923,0.014182692307692308
284,6417.0,106.95,2.0567307692307693,0.05141826923076923
285,1074.0,17.9,0.34423076923076923,0.008605769230769231
288,117.0,1.95,0.0375,0.0009375
289,1692.0,28.2,0.5423076923076923,0.013557692307692307
290,56725.0,945.4166666666666,18.181089743589745,0.4545272435897436
291,3252.0,54.2,1.0423076923076924,0.02605769230769231
292,117.0,1.95,0.0375,0.0009375
293,1998.0,33.3,0.6403846153846153,0.016009615384615383
294,2586.0,43.1,0.8288461538461539,0.020721153846153847
295,564.0,9.4,0.18076923076923077,0.004519230769230769
296,1377.0,22.95,0.44134615384615383,0.011033653846153846
298,19524.0,325.4,6.257692307692308,0.15644230769230769
299,2717.0,45.28333333333333,0.8708333333333333,0.021770833333333333
300,1326.0,22.1,0.42500000000000004,0.010625
301,25272.0,421.2,8.1,0.20249999999999999
306,13054.0,217.56666666666666,4.183974358974359,0.10459935897435897
309,315.0,5.25,0.10096153846153846,0.0025240384615384617
311,1194.0,19.9,0.38269230769230766,0.009567307692307691
312,1941.0,32.35,0.6221153846153846,0.015552884615384616
313,4199.0,69.98333333333333,1.3458333333333334,0.03364583333333333
315,2633.0,43.88333333333333,0.8439102564102564,0.02109775641025641
317,1128.0,18.8,0.36153846153846153,0.009038461538461539
318,1430.0,23.833333333333332,0.4583333333333333,0.011458333333333333
320,30218.0,503.6333333333333,9.685256410256411,0.24213141025641027
321,10262.0,171.03333333333333,3.289102564102564,0.0822275641025641
324,498.0,8.3,0.15961538461538463,0.003990384615384616
328,2190.0,36.5,0.7019230769230769,0.017548076923076923
329,930.0,15.5,0.2980769230769231,0.0074519230769230765
330,27503.0,458.3833333333333,8.815064102564103,0.22037660256410257
331,15158.0,252.63333333333333,4.858333333333333,0.12145833333333333
332,3267.0,54.45,1.0471153846153847,0.026177884615384617
333,3714.0,61.9,1.1903846153846154,0.029759615384615384
334,26305.0,438.4166666666667,8.431089743589745,0.21077724358974362
335,1194.0,19.9,0.38269230769230766,0.009567307692307691
336,996.0,16.6,0.31923076923076926,0.007980769230769232
341,5274.0,87.9,1.6903846153846156,0.04225961538461539
342,7209.0,120.15,2.310576923076923,0.057764423076923074
343,358.0,5.966666666666667,0.11474358974358975,0.002868589743589744
344,10708.0,178.46666666666667,3.4320512820512823,0.08580128205128205
346,1179.0,19.65,0.3778846153846154,0.009447115384615384
347,5438.0,90.63333333333334,1.742948717948718,0.04357371794871795
348,813.0,13.55,0.2605769230769231,0.006514423076923077
350,4497.0,74.95,1.4413461538461538,0.03603365384615385
353,996.0,16.6,0.31923076923076926,0.007980769230769232
354,24704.0,411.73333333333335,7.917948717948718,0.19794871794871796
355,7678.0,127.96666666666667,2.460897435897436,0.061522435897435904
357,1443.0,24.05,0.4625,0.0115625
361,498.0,8.3,0.15961538461538463,0.003990384615384616
363,1062.0,17.7,0.3403846153846154,0.008509615384615385
365,879.0,14.65,0.28173076923076923,0.0070432692307692306
366,945.0,15.75,0.30288461538461536,0.007572115384615384
367,25221.0,420.35,8.083653846153847,0.2020913461538462
368,2439.0,40.65,0.7817307692307692,0.019543269230769232
369,8775.0,146.25,2.8125,0.0703125
370,11744.0,195.73333333333332,3.764102564102564,0.0941025641025641
371,8864.0,147.73333333333332,2.8410256410256407,0.07102564102564102
372,5294.0,88.23333333333333,1.6967948717948718,0.04241987179487179
376,117.0,1.95,0.0375,0.0009375
378,12580.0,209.66666666666666,4.032051282051282,0.10080128205128205
380,3603.0,60.05,1.1548076923076922,0.028870192307692305
381,615.0,10.25,0.1971153846153846,0.004927884615384615
382,44388.0,739.8,14.226923076923075,0.35567307692307687
383,26813.0,446.8833333333333,8.593910256410256,0.21484775641025639
384,5610.0,93.5,1.7980769230769231,0.04495192307692308
386,1901.0,31.683333333333334,0.6092948717948719,0.015232371794871797
389,4329.0,72.15,1.3875000000000002,0.0346875
390,609.0,10.15,0.1951923076923077,0.004879807692307692
394,10779.0,179.65,3.4548076923076922,0.0863701923076923
395,27459.0,457.65,8.800961538461538,0.22002403846153845
396,5304.0,88.4,1.7000000000000002,0.0425
397,8554.0,142.56666666666666,2.7416666666666667,0.06854166666666667
398,6351.0,105.85,2.035576923076923,0.05088942307692308
399,1626.0,27.1,0.5211538461538462,0.013028846153846155
400,22479.0,374.65,7.204807692307692,0.1801201923076923
403,777.0,12.95,0.24903846153846151,0.006225961538461538
406,3240.0,54.0,1.0384615384615385,0.025961538461538463
407,2078.0,34.63333333333333,0.666025641025641,0.016650641025641025
408,4263.0,71.05,1.3663461538461539,0.034158653846153846
409,9090.0,151.5,2.9134615384615383,0.07283653846153845
410,4029.0,67.15,1.291346153846154,0.03228365384615385
415,4197.0,69.95,1.3451923076923078,0.033629807692307695
416,564.0,9.4,0.18076923076923077,0.004519230769230769
417,2737.0,45.61666666666667,0.8772435897435897,0.021931089743589743
418,9180.0,153.0,2.9423076923076925,0.07355769230769231
419,3318.0,55.3,1.0634615384615385,0.02658653846153846
421,8130.0,135.5,2.605769230769231,0.06514423076923077
422,6234.0,103.9,1.998076923076923,0.049951923076923074
423,4329.0,72.15,1.3875000000000002,0.0346875
424,2007.0,33.45,0.6432692307692308,0.016081730769230772
426,12141.0,202.35,3.8913461538461536,0.09728365384615384
427,15242.0,254.03333333333333,4.88525641025641,0.12213141025641025
429,2193.0,36.55,0.7028846153846153,0.017572115384615384
430,7260.0,121.0,2.326923076923077,0.058173076923076925
431,8973.0,149.55,2.8759615384615387,0.07189903846153847
432,4169.0,69.48333333333333,1.3362179487179486,0.03340544871794872
435,3516.0,58.6,1.126923076923077,0.028173076923076922
436,20903.0,348.3833333333333,6.699679487179487,0.16749198717948716
437,1443.0,24.05,0.4625,0.0115625
438,1692.0,28.2,0.5423076923076923,0.013557692307692307
439,6474.0,107.9,2.075,0.051875000000000004
441,1143.0,19.05,0.3663461538461539,0.009158653846153848
443,8538.0,142.3,2.7365384615384616,0.06841346153846153
445,3188.0,53.13333333333333,1.0217948717948717,0.025544871794871794
447,6127.0,102.11666666666666,1.9637820512820512,0.04909455128205128
448,5075.0,84.58333333333333,1.626602564102564,0.040665064102564104
450,9258.0,154.3,2.9673076923076924,0.07418269230769231
451,498.0,8.3,0.15961538461538463,0.003990384615384616
453,5604.0,93.4,1.7961538461538462,0.044903846153846155
454,2271.0,37.85,0.7278846153846155,0.018197115384615388
456,1443.0,24.05,0.4625,0.0115625
458,4916.0,81.93333333333334,1.5756410256410258,0.039391025641025645
459,315.0,5.25,0.10096153846153846,0.0025240384615384617
460,4650.0,77.5,1.4903846153846154,0.037259615384615384
461,3944.0,65.73333333333333,1.264102564102564,0.0316025641025641
464,11301.0,188.35,3.6221153846153844,0.0905528846153846
466,4589.0,76.48333333333333,1.4708333333333334,0.036770833333333336
467,981.0,16.35,0.31442307692307697,0.007860576923076925
468,1923.0,32.05,0.6163461538461538,0.015408653846153844
471,1956.0,32.6,0.6269230769230769,0.01567307692307692
472,4323.0,72.05,1.385576923076923,0.034639423076923075
475,2496.0,41.6,0.8,0.02
476,10632.0,177.2,3.4076923076923076,0.08519230769230769
477,5376.0,89.6,1.723076923076923,0.043076923076923075
478,6945.0,115.75,2.2259615384615383,0.05564903846153846
479,18989.0,316.48333333333335,6.086217948717949,0.15215544871794873
480,12356.0,205.93333333333334,3.9602564102564104,0.09900641025641026
481,5690.0,94.83333333333333,1.8237179487179487,0.045592948717948716
482,1507.0,25.116666666666667,0.4830128205128205,0.012075320512820512
483,1860.0,31.0,0.5961538461538461,0.014903846153846153
485,7936.0,132.26666666666668,2.543589743589744,0.06358974358974359
486,1875.0,31.25,0.6009615384615384,0.01502403846153846
487,696.0,11.6,0.22307692307692306,0.0055769230769230765
488,3135.0,52.25,1.0048076923076923,0.02512019230769231
489,5757.0,95.95,1.8451923076923078,0.04612980769230769
490,7202.0,120.03333333333333,2.308333333333333,0.05770833333333333
491,17164.0,286.06666666666666,5.501282051282051,0.1375320512820513
492,564.0,9.4,0.18076923076923077,0.004519230769230769
493,2558.0,42.63333333333333,0.8198717948717948,0.02049679487179487
494,10674.0,177.9,3.4211538461538464,0.08552884615384616
495,2271.0,37.85,0.7278846153846155,0.018197115384615388
496,4873.0,81.21666666666667,1.5618589743589744,0.03904647435897436
497,6573.0,109.55,2.106730769230769,0.05266826923076923
498,8936.0,148.93333333333334,2.864102564102564,0.0716025641025641
501,5676.0,94.6,1.8192307692307692,0.04548076923076923
505,29130.0,485.5,9.336538461538462,0.23341346153846154
506,8975.0,149.58333333333334,2.8766025641025643,0.07191506410256411
507,1509.0,25.15,0.4836538461538461,0.012091346153846152
508,10528.0,175.46666666666667,3.3743589743589744,0.08435897435897435
509,5987.0,99.78333333333333,1.9189102564102565,0.04797275641025641
510,31468.0,524.4666666666667,10.085897435897436,0.25214743589743593
511,383.0,6.383333333333334,0.12275641025641026,0.0030689102564102565
512,6743.0,112.38333333333334,2.161217948717949,0.05403044871794872
513,1992.0,33.2,0.6384615384615385,0.015961538461538465
515,2064.0,34.4,0.6615384615384615,0.016538461538461537
516,42108.0,701.8,13.496153846153845,0.3374038461538461
518,2982.0,49.7,0.9557692307692308,0.023894230769230772
519,5376.0,89.6,1.723076923076923,0.043076923076923075
520,4730.0,78.83333333333333,1.516025641025641,0.03790064102564102
521,2373.0,39.55,0.760576923076923,0.019014423076923075
522,18293.0,304.8833333333333,5.863141025641026,0.14657852564102564
523,56840.0,947.3333333333334,18.21794871794872,0.455448717948718
524,4278.0,71.3,1.3711538461538462,0.03427884615384615
525,4674.0,77.9,1.498076923076923,0.03745192307692308
526,1443.0,24.05,0.4625,0.0115625
527,3019.0,50.31666666666667,0.9676282051282052,0.02419070512820513
528,29693.0,494.8833333333333,9.51698717948718,0.2379246794871795
529,17580.0,293.0,5.634615384615385,0.14086538461538461
530,19462.0,324.3666666666667,6.237820512820513,0.15594551282051283
532,2982.0,49.7,0.9557692307692308,0.023894230769230772
536,5055.0,84.25,1.6201923076923077,0.040504807692307694
538,1415.0,23.583333333333332,0.453525641025641,0.011338141025641025
539,4708.0,78.46666666666667,1.508974358974359,0.037724358974358975
542,15225.0,253.75,4.8798076923076925,0.12199519230769232
543,23028.0,383.8,7.380769230769231,0.18451923076923077
544,4724.0,78.73333333333333,1.514102564102564,0.0378525641025641
545,2192.0,36.53333333333333,0.7025641025641025,0.01756410256410256
547,3201.0,53.35,1.0259615384615386,0.025649038461538466
548,5121.0,85.35,1.6413461538461538,0.041033653846153845
549,31432.0,523.8666666666667,10.074358974358974,0.25185897435897436
550,117.0,1.95,0.0375,0.0009375
551,26348.0,439.1333333333333,8.444871794871794,0.21112179487179486
552,2637.0,43.95,0.8451923076923078,0.021129807692307694
555,3399.0,56.65,1.0894230769230768,0.02723557692307692
556,30568.0,509.46666666666664,9.797435897435896,0.24493589743589742
557,12915.0,215.25,4.139423076923077,0.10348557692307692
558,23945.0,399.0833333333333,7.674679487179487,0.1918669871794872
561,5889.0,98.15,1.8875000000000002,0.04718750000000001
564,36040.0,600.6666666666666,11.551282051282051,0.28878205128205126
565,22401.0,373.35,7.179807692307692,0.17949519230769231
566,696.0,11.6,0.22307692307692306,0.0055769230769230765
568,767.0,12.783333333333333,0.24583333333333332,0.006145833333333333
569,12398.0,206.63333333333333,3.9737179487179484,0.09934294871794871
570,27800.0,463.3333333333333,8.91025641025641,0.22275641025641027
571,3186.0,53.1,1.021153846153846,0.025528846153846152
572,6519.0,108.65,2.089423076923077,0.05223557692307692
573,4044.0,67.4,1.2961538461538462,0.03240384615384616
574,183.0,3.05,0.058653846153846154,0.0014663461538461538
575,23232.0,387.2,7.446153846153846,0.18615384615384617
576,10954.0,182.56666666666666,3.510897435897436,0.0877724358974359
577,11973.0,199.55,3.8375000000000004,0.09593750000000001
578,9279.0,154.65,2.974038461538462,0.07435096153846155
580,11883.0,198.05,3.808653846153846,0.09521634615384615
581,13943.0,232.38333333333333,4.468910256410256,0.11172275641025639
582,2406.0,40.1,0.7711538461538462,0.019278846153846153
583,1552.0,25.866666666666667,0.49743589743589745,0.012435897435897436
584,10171.0,169.51666666666668,3.2599358974358976,0.08149839743589744
585,3384.0,56.4,1.0846153846153845,0.027115384615384614
586,2535.0,42.25,0.8125,0.0203125
587,1869.0,31.15,0.5990384615384615,0.014975961538461539
589,5340.0,89.0,1.7115384615384615,0.04278846153846154
590,1890.0,31.5,0.6057692307692307,0.015144230769230767
591,13589.0,226.48333333333332,4.355448717948717,0.10888621794871793
592,3018.0,50.3,0.9673076923076922,0.024182692307692304
593,3046.0,50.766666666666666,0.9762820512820513,0.02440705128205128
594,3601.0,60.016666666666666,1.1541666666666666,0.028854166666666663
597,13825.0,230.41666666666666,4.431089743589744,0.11077724358974358
598,645.0,10.75,0.20673076923076922,0.005168269230769231
599,6440.0,107.33333333333333,2.064102564102564,0.0516025641025641
601,1390.0,23.166666666666668,0.44551282051282054,0.011137820512820513
602,1047.0,17.45,0.33557692307692305,0.008389423076923076
605,1260.0,21.0,0.40384615384615385,0.010096153846153847
606,2256.0,37.6,0.7230769230769231,0.018076923076923077
608,2175.0,36.25,0.6971153846153846,0.017427884615384616
609,4512.0,75.2,1.4461538461538461,0.036153846153846154
611,249.0,4.15,0.07980769230769232,0.001995192307692308
613,813.0,13.55,0.2605769230769231,0.006514423076923077
618,5289.0,88.15,1.6951923076923079,0.042379807692307696
622,2022.0,33.7,0.6480769230769231,0.01620192307692308
623,930.0,15.5,0.2980769230769231,0.0074519230769230765
624,3961.0,66.01666666666667,1.269551282051282,0.03173878205128205
625,2820.0,47.0,0.9038461538461539,0.022596153846153846
631,1941.0,32.35,0.6221153846153846,0.015552884615384616
633,3920.0,65.33333333333333,1.2564102564102564,0.03141025641025641
635,15054.0,250.9,4.825,0.12062500000000001
638,1601.0,26.683333333333334,0.5131410256410256,0.01282852564102564
640,5333.0,88.88333333333334,1.709294871794872,0.0427323717948718
641,5975.0,99.58333333333333,1.9150641025641024,0.04787660256410256
642,7143.0,119.05,2.289423076923077,0.057235576923076924
643,2256.0,37.6,0.7230769230769231,0.018076923076923077
645,1692.0,28.2,0.5423076923076923,0.013557692307692307
646,8203.0,136.71666666666667,2.629166666666667,0.06572916666666667
647,18771.0,312.85,6.016346153846154,0.15040865384615384
648,14039.0,233.98333333333332,4.4996794871794865,0.11249198717948716
651,1756.0,29.266666666666666,0.5628205128205128,0.014070512820512821
652,7032.0,117.2,2.253846153846154,0.056346153846153844
653,7811.0,130.18333333333334,2.5035256410256412,0.06258814102564103
655,4801.0,80.01666666666667,1.5387820512820514,0.03846955128205128
656,1107.0,18.45,0.35480769230769227,0.008870192307692306
657,1179.0,19.65,0.3778846153846154,0.009447115384615384
659,14481.0,241.35,4.641346153846154,0.11603365384615386
661,10595.0,176.58333333333334,3.3958333333333335,0.08489583333333334
662,3186.0,53.1,1.021153846153846,0.025528846153846152
663,3237.0,53.95,1.0375,0.025937500000000002
665,1509.0,25.15,0.4836538461538461,0.012091346153846152
667,20475.0,341.25,6.5625,0.1640625
668,6102.0,101.7,1.955769230769231,0.04889423076923077
670,5860.0,97.66666666666667,1.8782051282051282,0.046955128205128205
671,31417.0,523.6166666666667,10.069551282051282,0.2517387820512821
673,1326.0,22.1,0.42500000000000004,0.010625
676,7164.0,119.4,2.2961538461538464,0.05740384615384616
677,1641.0,27.35,0.5259615384615385,0.013149038461538462
679,8922.0,148.7,2.8596153846153842,0.07149038461538461
680,7134.0,118.9,2.286538461538462,0.057163461538461545
682,16641.0,277.35,5.3336538461538465,0.13334134615384616
683,19415.0,323.5833333333333,6.22275641025641,0.15556891025641023
684,1443.0,24.05,0.4625,0.0115625
685,696.0,11.6,0.22307692307692306,0.0055769230769230765
686,2622.0,43.7,0.8403846153846154,0.021009615384615384
687,5071.0,84.51666666666667,1.6253205128205128,0.04063301282051282
689,27931.0,465.51666666666665,8.95224358974359,0.22380608974358976
690,29305.0,488.4166666666667,9.392628205128206,0.23481570512820515
692,1443.0,24.05,0.4625,0.0115625
693,2307.0,38.45,0.739423076923077,0.018485576923076924
695,2703.0,45.05,0.8663461538461538,0.021658653846153845
696,1326.0,22.1,0.42500000000000004,0.010625
698,1050.0,17.5,0.33653846153846156,0.00841346153846154
699,3242.0,54.03333333333333,1.039102564102564,0.025977564102564098
702,1326.0,22.1,0.42500000000000004,0.010625
705,3801.0,63.35,1.2182692307692309,0.03045673076923077
708,4522.0,75.36666666666666,1.4493589743589743,0.03623397435897436
709,15910.0,265.1666666666667,5.0993589743589745,0.12748397435897435
711,4360.0,72.66666666666667,1.3974358974358976,0.03493589743589744
715,4164.0,69.4,1.3346153846153848,0.033365384615384616
716,9523.0,158.71666666666667,3.05224358974359,0.07630608974358974
718,1511.0,25.183333333333334,0.4842948717948718,0.012107371794871796
722,2667.0,44.45,0.8548076923076924,0.02137019230769231
723,696.0,11.6,0.22307692307692306,0.0055769230769230765
724,4860.0,81.0,1.5576923076923077,0.03894230769230769
726,4212.0,70.2,1.35,0.03375
727,315.0,5.25,0.10096153846153846,0.0025240384615384617
730,485.0,8.083333333333334,0.15544871794871795,0.003886217948717949
734,4834.0,80.56666666666666,1.5493589743589742,0.038733974358974355
735,2058.0,34.3,0.6596153846153846,0.016490384615384615
736,315.0,5.25,0.10096153846153846,0.0025240384615384617
739,7200.0,120.0,2.3076923076923075,0.05769230769230769
740,9816.0,163.6,3.146153846153846,0.07865384615384616
746,2505.0,41.75,0.8028846153846154,0.020072115384615386
747,4533.0,75.55,1.4528846153846153,0.03632211538461538
748,12368.0,206.13333333333333,3.964102564102564,0.0991025641025641
749,564.0,9.4,0.18076923076923077,0.004519230769230769
750,6740.0,112.33333333333333,2.16025641025641,0.05400641025641025
752,7497.0,124.95,2.4028846153846155,0.06007211538461539
754,315.0,5.25,0.10096153846153846,0.0025240384615384617
756,1074.0,17.9,0.34423076923076923,0.008605769230769231
759,2490.0,41.5,0.7980769230769231,0.01995192307692308
763,2007.0,33.45,0.6432692307692308,0.016081730769230772
764,8475.0,141.25,2.7163461538461537,0.06790865384615384
765,13525.0,225.41666666666666,4.334935897435897,0.10837339743589743
766,813.0,13.55,0.2605769230769231,0.006514423076923077
767,17003.0,283.3833333333333,5.449679487179487,0.13624198717948716
768,2669.0,44.483333333333334,0.855448717948718,0.02138621794871795
770,1785.0,29.75,0.5721153846153846,0.014302884615384615
772,2868.0,47.8,0.9192307692307692,0.022980769230769228
774,2937.0,48.95,0.9413461538461539,0.02353365384615385
775,10350.0,172.5,3.3173076923076925,0.08293269230769232
776,1194.0,19.9,0.38269230769230766,0.009567307692307691
777,5852.0,97.53333333333333,1.8756410256410256,0.04689102564102564
781,13713.0,228.55,4.395192307692308,0.1098798076923077
785,813.0,13.55,0.2605769230769231,0.006514423076923077
786,2124.0,35.4,0.6807692307692308,0.01701923076923077
788,15725.0,262.0833333333333,5.040064102564102,0.12600160256410256
789,828.0,13.8,0.2653846153846154,0.006634615384615385
790,939.0,15.65,0.30096153846153845,0.007524038461538461
791,1586.0,26.433333333333334,0.5083333333333333,0.012708333333333332
792,2662.0,44.36666666666667,0.8532051282051282,0.021330128205128203
793,5274.0,87.9,1.6903846153846156,0.04225961538461539
794,8720.0,145.33333333333334,2.794871794871795,0.06987179487179487
796,1209.0,20.15,0.38749999999999996,0.009687499999999998
798,4644.0,77.4,1.4884615384615385,0.03721153846153846
799,8007.0,133.45,2.566346153846154,0.06415865384615385
800,315.0,5.25,0.10096153846153846,0.0025240384615384617
802,15417.0,256.95,4.941346153846154,0.12353365384615385
803,3135.0,52.25,1.0048076923076923,0.02512019230769231
805,5087.0,84.78333333333333,1.630448717948718,0.04076121794871795
806,6693.0,111.55,2.145192307692308,0.0536298076923077
807,5840.0,97.33333333333333,1.8717948717948718,0.046794871794871795
810,39055.0,650.9166666666666,12.517628205128204,0.3129407051282051
812,485.0,8.083333333333334,0.15544871794871795,0.003886217948717949
813,13113.0,218.55,4.202884615384615,0.10507211538461539
815,14640.0,244.0,4.6923076923076925,0.11730769230769231
816,1062.0,17.7,0.3403846153846154,0.008509615384615385
817,22395.0,373.25,7.177884615384615,0.17944711538461539
818,30307.0,505.1166666666667,9.71378205128205,0.24284455128205126
819,6057.0,100.95,1.9413461538461538,0.048533653846153844
820,615.0,10.25,0.1971153846153846,0.004927884615384615
821,18176.0,302.93333333333334,5.825641025641025,0.14564102564102563
825,1926.0,32.1,0.6173076923076923,0.015432692307692309
826,4029.0,67.15,1.291346153846154,0.03228365384615385
827,14253.0,237.55,4.568269230769231,0.11420673076923078
828,5680.0,94.66666666666667,1.8205128205128207,0.04551282051282052
829,26877.0,447.95,8.614423076923076,0.21536057692307692
830,9942.0,165.7,3.1865384615384613,0.07966346153846153
831,15462.0,257.7,4.9557692307692305,0.12389423076923076
833,9346.0,155.76666666666668,2.995512820512821,0.07488782051282053
834,4167.0,69.45,1.3355769230769232,0.03338942307692308
835,17712.0,295.2,5.676923076923076,0.1419230769230769
836,9961.0,166.01666666666668,3.1926282051282056,0.07981570512820514
838,4200.0,70.0,1.3461538461538463,0.03365384615384616
840,35920.0,598.6666666666666,11.512820512820513,0.2878205128205128
841,11803.0,196.71666666666667,3.7830128205128206,0.09457532051282051
842,2388.0,39.8,0.7653846153846153,0.019134615384615382
843,15096.0,251.6,4.838461538461538,0.12096153846153845
844,1144.0,19.066666666666666,0.36666666666666664,0.009166666666666667
845,11945.0,199.08333333333334,3.8285256410256414,0.09571314102564103
848,485.0,8.083333333333334,0.15544871794871795,0.003886217948717949
849,5238.0,87.3,1.6788461538461539,0.041971153846153846
850,22161.0,369.35,7.102884615384616,0.1775721153846154
852,12380.0,206.33333333333334,3.967948717948718,0.09919871794871796
853,5493.0,91.55,1.760576923076923,0.044014423076923076
854,249.0,4.15,0.07980769230769232,0.001995192307692308
855,13510.0,225.16666666666666,4.330128205128205,0.10825320512820513
856,16960.0,282.6666666666667,5.435897435897436,0.13589743589743591
857,26838.0,447.3,8.601923076923077,0.21504807692307693
860,8496.0,141.6,2.723076923076923,0.06807692307692308
861,117.0,1.95,0.0375,0.0009375
862,3680.0,61.333333333333336,1.1794871794871795,0.029487179487179487
865,6021.0,100.35,1.9298076923076921,0.0482451923076923
866,2820.0,47.0,0.9038461538461539,0.022596153846153846
867,945.0,15.75,0.30288461538461536,0.007572115384615384
868,8913.0,148.55,2.8567307692307695,0.07141826923076924
870,6276.0,104.6,2.0115384615384615,0.05028846153846154
871,18914.0,315.23333333333335,6.062179487179487,0.1515544871794872
874,17150.0,285.8333333333333,5.496794871794871,0.13741987179487178
875,3810.0,63.5,1.2211538461538463,0.030528846153846156
876,315.0,5.25,0.10096153846153846,0.0025240384615384617
877,2139.0,35.65,0.6855769230769231,0.017139423076923076
880,3729.0,62.15,1.1951923076923077,0.02987980769230769
881,4293.0,71.55,1.3759615384615385,0.03439903846153846
883,6462.0,107.7,2.0711538461538463,0.05177884615384616
884,826.0,13.766666666666667,0.26474358974358975,0.006618589743589744
885,800.0,13.333333333333334,0.25641025641025644,0.006410256410256411
887,17793.0,296.55,5.702884615384615,0.1425721153846154
888,12819.0,213.65,4.108653846153846,0.10271634615384614
889,4876.0,81.26666666666667,1.5628205128205128,0.03907051282051282
891,498.0,8.3,0.15961538461538463,0.003990384615384616
892,1890.0,31.5,0.6057692307692307,0.015144230769230767
893,8677.0,144.61666666666667,2.7810897435897437,0.06952724358974359
894,4095.0,68.25,1.3125,0.0328125
895,5685.0,94.75,1.8221153846153846,0.04555288461538461
896,1575.0,26.25,0.5048076923076923,0.012620192307692308
899,8856.0,147.6,2.838461538461538,0.07096153846153845
900,27741.0,462.35,8.891346153846154,0.22228365384615384
901,1013.0,16.883333333333333,0.3246794871794872,0.00811698717948718
903,4560.0,76.0,1.4615384615384615,0.036538461538461534
904,13083.0,218.05,4.193269230769231,0.10483173076923077
905,3712.0,61.86666666666667,1.1897435897435897,0.029743589743589743
908,14233.0,237.21666666666667,4.561858974358975,0.11404647435897437
910,14745.0,245.75,4.725961538461538,0.11814903846153846
911,1773.0,29.55,0.5682692307692307,0.014206730769230768
912,7280.0,121.33333333333333,2.333333333333333,0.05833333333333333
913,17580.0,293.0,5.634615384615385,0.14086538461538461
916,8629.0,143.81666666666666,2.765705128205128,0.0691426282051282
917,31069.0,517.8166666666667,9.958012820512822,0.24895032051282057
919,183.0,3.05,0.058653846153846154,0.0014663461538461538
922,21721.0,362.01666666666665,6.961858974358974,0.17404647435897436
924,1692.0,28.2,0.5423076923076923,0.013557692307692307
925,5187.0,86.45,1.6625,0.0415625
926,2841.0,47.35,0.9105769230769231,0.022764423076923078
927,249.0,4.15,0.07980769230769232,0.001995192307692308
935,4327.0,72.11666666666666,1.3868589743589743,0.03467147435897436
936,698.0,11.633333333333333,0.2237179487179487,0.005592948717948717
939,33536.0,558.9333333333333,10.748717948717948,0.2687179487179487
943,2797.0,46.61666666666667,0.896474358974359,0.022411858974358975
948,3303.0,55.05,1.0586538461538462,0.026466346153846153
949,2124.0,35.4,0.6807692307692308,0.01701923076923077
950,6035.0,100.58333333333333,1.9342948717948718,0.0483573717948718
951,315.0,5.25,0.10096153846153846,0.0025240384615384617
952,945.0,15.75,0.30288461538461536,0.007572115384615384
953,696.0,11.6,0.22307692307692306,0.0055769230769230765
955,1786.0,29.766666666666666,0.5724358974358974,0.014310897435897436
956,8652.0,144.2,2.773076923076923,0.06932692307692308
957,813.0,13.55,0.2605769230769231,0.006514423076923077
958,179.0,2.9833333333333334,0.057371794871794876,0.001434294871794872
959,4395.0,73.25,1.4086538461538463,0.035216346153846154
960,117.0,1.95,0.0375,0.0009375
963,1921.0,32.016666666666666,0.6157051282051282,0.015392628205128206
964,1434.0,23.9,0.4596153846153846,0.011490384615384614
966,5508.0,91.8,1.7653846153846153,0.04413461538461538
969,1441.0,24.016666666666666,0.46185897435897433,0.011546474358974358
970,1956.0,32.6,0.6269230769230769,0.01567307692307692
972,2517.0,41.95,0.8067307692307693,0.020168269230769233
974,5868.0,97.8,1.8807692307692307,0.04701923076923077
975,26070.0,434.5,8.35576923076923,0.20889423076923075
976,6204.0,103.4,1.9884615384615385,0.04971153846153846
977,4133.0,68.88333333333334,1.3246794871794874,0.03311698717948718
978,813.0,13.55,0.2605769230769231,0.006514423076923077
979,11098.0,184.96666666666667,3.5570512820512823,0.08892628205128206
980,7340.0,122.33333333333333,2.3525641025641026,0.05881410256410256
981,866.0,14.433333333333334,0.2775641025641026,0.006939102564102564
982,3249.0,54.15,1.041346153846154,0.02603365384615385
983,381.0,6.35,0.12211538461538461,0.0030528846153846153
985,12828.0,213.8,4.111538461538462,0.10278846153846155
988,7079.0,117.98333333333333,2.2689102564102566,0.05672275641025641
990,432.0,7.2,0.13846153846153847,0.0034615384615384616
991,447.0,7.45,0.14326923076923076,0.003581730769230769
992,381.0,6.35,0.12211538461538461,0.0030528846153846153
993,1664.0,27.733333333333334,0.5333333333333333,0.013333333333333332
994,381.0,6.35,0.12211538461538461,0.0030528846153846153
996,6534.0,108.9,2.0942307692307693,0.052355769230769234
999,12174.0,202.9,3.901923076923077,0.09754807692307692
1000,111.0,1.85,0.035576923076923075,0.0008894230769230769
1003,18592.0,309.8666666666667,5.958974358974359,0.14897435897435898
1006,24109.0,401.81666666666666,7.72724358974359,0.19318108974358975
1009,11144.0,185.73333333333332,3.5717948717948715,0.08929487179487179
1010,4260.0,71.0,1.3653846153846154,0.03413461538461539
1011,315.0,5.25,0.10096153846153846,0.0025240384615384617
1012,3680.0,61.333333333333336,1.1794871794871795,0.029487179487179487
1015,2675.0,44.583333333333336,0.8573717948717949,0.021434294871794872
1020,3882.0,64.7,1.2442307692307693,0.031105769230769232
1021,18274.0,304.56666666666666,5.857051282051282,0.14642628205128205
1022,1824.0,30.4,0.5846153846153845,0.014615384615384613
1025,3069.0,51.15,0.9836538461538461,0.02459134615384615
1029,2586.0,43.1,0.8288461538461539,0.020721153846153847
1030,3765.0,62.75,1.2067307692307692,0.030168269230769228
1031,6256.0,104.26666666666667,2.005128205128205,0.05012820512820513
1032,21785.0,363.0833333333333,6.982371794871795,0.17455929487179486
1033,6360.0,106.0,2.0384615384615383,0.05096153846153846
1034,3534.0,58.9,1.1326923076923077,0.02831730769230769
1038,14241.0,237.35,4.5644230769230765,0.11411057692307691
1039,6174.0,102.9,1.978846153846154,0.049471153846153845
1040,1616.0,26.933333333333334,0.517948717948718,0.01294871794871795
1041,5321.0,88.68333333333334,1.705448717948718,0.042636217948717955
1043,7198.0,119.96666666666667,2.3070512820512823,0.05767628205128206
1045,1639.0,27.316666666666666,0.5253205128205128,0.01313301282051282
1046,3124.0,52.06666666666667,1.0012820512820513,0.02503205128205128
1047,2730.0,45.5,0.875,0.021875
1048,3483.0,58.05,1.1163461538461539,0.027908653846153847
1049,3063.0,51.05,0.9817307692307692,0.02454326923076923
1050,6336.0,105.6,2.0307692307692307,0.05076923076923077
1051,9858.0,164.3,3.159615384615385,0.07899038461538463
1052,6219.0,103.65,1.9932692307692308,0.04983173076923077
1054,813.0,13.55,0.2605769230769231,0.006514423076923077
1055,8343.0,139.05,2.6740384615384616,0.06685096153846154
1056,28020.0,467.0,8.98076923076923,0.22451923076923075
1057,1890.0,31.5,0.6057692307692307,0.015144230769230767
1058,3924.0,65.4,1.2576923076923079,0.0314423076923077
1060,12717.0,211.95,4.075961538461538,0.10189903846153844
1062,8701.0,145.01666666666668,2.7887820512820514,0.06971955128205129
1063,498.0,8.3,0.15961538461538463,0.003990384615384616
1064,945.0,15.75,0.30288461538461536,0.007572115384615384
1068,20190.0,336.5,6.471153846153846,0.16177884615384613
1069,2130.0,35.5,0.6826923076923077,0.017067307692307694
1070,17515.0,291.9166666666667,5.613782051282052,0.1403445512820513
1071,24914.0,415.23333333333335,7.985256410256411,0.19963141025641026
1073,2140.0,35.666666666666664,0.6858974358974359,0.0171474358974359
1074,1011.0,16.85,0.32403846153846155,0.00810096153846154
1077,1128.0,18.8,0.36153846153846153,0.009038461538461539
1079,630.0,10.5,0.20192307692307693,0.005048076923076923
1081,5832.0,97.2,1.8692307692307693,0.04673076923076923
1084,7053.0,117.55,2.260576923076923,0.05651442307692307
1085,10695.0,178.25,3.4278846153846154,0.08569711538461539
1086,14687.0,244.78333333333333,4.707371794871795,0.11768429487179488
1088,1194.0,19.9,0.38269230769230766,0.009567307692307691
1091,315.0,5.25,0.10096153846153846,0.0025240384615384617
1092,8600.0,143.33333333333334,2.7564102564102564,0.06891025641025642
1093,5838.0,97.3,1.8711538461538462,0.04677884615384616
1094,1840.0,30.666666666666668,0.5897435897435898,0.014743589743589743
1096,5211.0,86.85,1.6701923076923075,0.04175480769230769
1097,23301.0,388.35,7.4682692307692315,0.18670673076923078
1098,6453.0,107.55,2.0682692307692307,0.05170673076923077
1099,1128.0,18.8,0.36153846153846153,0.009038461538461539
1100,65931.0,1098.85,21.131730769230767,0.5282932692307691
1101,21369.0,356.15,6.849038461538461,0.17122596153846154
1102,33576.0,559.6,10.761538461538462,0.26903846153846156
1103,68695.0,1144.9166666666667,22.017628205128208,0.5504407051282052
1104,20270.0,337.8333333333333,6.496794871794871,0.16241987179487177
1105,20726.0,345.43333333333334,6.642948717948718,0.16607371794871795
1106,38891.0,648.1833333333333,12.465064102564101,0.3116266025641025
1107,38640.0,644.0,12.384615384615385,0.3096153846153846
1108,26077.0,434.6166666666667,8.35801282051282,0.20895032051282053
1109,39502.0,658.3666666666667,12.660897435897436,0.3165224358974359
1110,1956.0,32.6,0.6269230769230769,0.01567307692307692
1111,315.0,5.25,0.10096153846153846,0.0025240384615384617
1112,45630.0,760.5,14.625,0.365625
1120,6819.0,113.65,2.185576923076923,0.05463942307692308
1121,4053.0,67.55,1.2990384615384616,0.03247596153846154
1122,5259.0,87.65,1.685576923076923,0.042139423076923074
1123,1710.0,28.5,0.5480769230769231,0.013701923076923079
1124,7776.0,129.6,2.4923076923076923,0.06230769230769231
1125,1524.0,25.4,0.48846153846153845,0.012211538461538461
1126,3846.0,64.1,1.2326923076923075,0.03081730769230769
1127,9358.0,155.96666666666667,2.9993589743589744,0.07498397435897436
1128,1260.0,21.0,0.40384615384615385,0.010096153846153847
1129,11914.0,198.56666666666666,3.8185897435897433,0.09546474358974358
1130,15126.0,252.1,4.848076923076923,0.12120192307692308
1132,2334.0,38.9,0.7480769230769231,0.018701923076923078
1135,8942.0,149.03333333333333,2.866025641025641,0.07165064102564103
1136,7058.0,117.63333333333334,2.262179487179487,0.056554487179487176
1137,12241.0,204.01666666666668,3.923397435897436,0.0980849358974359
1138,3834.0,63.9,1.228846153846154,0.03072115384615385
1139,1498.0,24.966666666666665,0.4801282051282051,0.012003205128205127
1141,5380.0,89.66666666666667,1.7243589743589745,0.04310897435897436
1143,707.0,11.783333333333333,0.2266025641025641,0.005665064102564102
1144,10659.0,177.65,3.416346153846154,0.08540865384615384
1145,1285.0,21.416666666666668,0.4118589743589744,0.01029647435897436
1146,5418.0,90.3,1.7365384615384616,0.04341346153846154
1148,10519.0,175.31666666666666,3.3714743589743588,0.08428685897435897
1149,1611.0,26.85,0.5163461538461539,0.012908653846153847
1150,866.0,14.433333333333334,0.2775641025641026,0.006939102564102564
1151,579.0,9.65,0.18557692307692308,0.0046394230769230774
1153,5370.0,89.5,1.7211538461538463,0.043028846153846154
1155,2037.0,33.95,0.6528846153846154,0.016322115384615386
1156,4248.0,70.8,1.3615384615384616,0.03403846153846154
1158,4827.0,80.45,1.5471153846153847,0.038677884615384614
1159,8175.0,136.25,2.6201923076923075,0.06550480769230768
1162,14973.0,249.55,4.799038461538462,0.11997596153846155
1163,8809.0,146.81666666666666,2.823397435897436,0.07058493589743589
1165,5650.0,94.16666666666667,1.810897435897436,0.045272435897435896
1166,10259.0,170.98333333333332,3.2881410256410253,0.08220352564102563
1167,528.0,8.8,0.16923076923076924,0.004230769230769231
1168,11028.0,183.8,3.534615384615385,0.08836538461538462
1170,3795.0,63.25,1.2163461538461537,0.030408653846153842
1171,2349.0,39.15,0.7528846153846154,0.018822115384615385
1172,9858.0,164.3,3.159615384615385,0.07899038461538463
1174,5610.0,93.5,1.7980769230769231,0.04495192307692308
1175,15141.0,252.35,4.852884615384616,0.12132211538461539
1176,10012.0,166.86666666666667,3.208974358974359,0.08022435897435898
1177,3975.0,66.25,1.2740384615384615,0.031850961538461536
1178,11114.0,185.23333333333332,3.562179487179487,0.08905448717948718
1179,666.0,11.1,0.21346153846153845,0.005336538461538461
1181,1377.0,22.95,0.44134615384615383,0.011033653846153846
1182,18978.0,316.3,6.082692307692308,0.1520673076923077
1183,3930.0,65.5,1.2596153846153846,0.031490384615384615
1186,315.0,5.25,0.10096153846153846,0.0025240384615384617
1187,75763.0,1262.7166666666667,24.28301282051282,0.6070753205128205
1188,21286.0,354.76666666666665,6.822435897435897,0.17056089743589742
1189,4197.0,69.95,1.3451923076923078,0.033629807692307695
1191,75604.0,1260.0666666666666,24.23205128205128,0.605801282051282
1192,7977.0,132.95,2.556730769230769,0.06391826923076922
1196,5778.0,96.3,1.8519230769230768,0.04629807692307692
1198,11116.0,185.26666666666668,3.562820512820513,0.08907051282051283
1199,1745.0,29.083333333333332,0.5592948717948718,0.013982371794871796
1201,12243.0,204.05,3.9240384615384616,0.09810096153846154
1203,1575.0,26.25,0.5048076923076923,0.012620192307692308
1206,10637.0,177.28333333333333,3.409294871794872,0.0852323717948718
1211,1458.0,24.3,0.4673076923076923,0.011682692307692307
1213,2139.0,35.65,0.6855769230769231,0.017139423076923076
1214,972.0,16.2,0.31153846153846154,0.007788461538461538
1215,57879.0,964.65,18.55096153846154,0.4637740384615385
1216,31158.0,519.3,9.98653846153846,0.2496634615384615
1217,13091.0,218.18333333333334,4.195833333333334,0.10489583333333334
1218,49706.0,828.4333333333333,15.931410256410256,0.3982852564102564
1219,4457.0,74.28333333333333,1.428525641025641,0.03571314102564103
1220,20042.0,334.03333333333336,6.423717948717949,0.16059294871794874
1221,10620.0,177.0,3.4038461538461537,0.08509615384615385
1222,6162.0,102.7,1.975,0.049375
1223,17406.0,290.1,5.578846153846154,0.13947115384615386
1224,9120.0,152.0,2.923076923076923,0.07307692307692307
1226,2586.0,43.1,0.8288461538461539,0.020721153846153847
1229,9050.0,150.83333333333334,2.900641025641026,0.07251602564102565
1230,3620.0,60.333333333333336,1.1602564102564104,0.029006410256410257
1231,4970.0,82.83333333333333,1.5929487179487178,0.039823717948717946
1232,91266.0,1521.1,29.251923076923074,0.7312980769230768
1233,36152.0,602.5333333333333,11.587179487179487,0.28967948717948716
1234,13959.0,232.65,4.474038461538462,0.11185096153846155
1235,15690.0,261.5,5.028846153846154,0.12572115384615384
1236,145.0,2.4166666666666665,0.04647435897435897,0.0011618589743589741
1237,249.0,4.15,0.07980769230769232,0.001995192307692308
1239,10335.0,172.25,3.3125,0.0828125
1240,5457.0,90.95,1.7490384615384615,0.04372596153846154
1241,1313.0,21.883333333333333,0.42083333333333334,0.010520833333333333
1242,17319.0,288.65,5.550961538461538,0.13877403846153843
1243,1611.0,26.85,0.5163461538461539,0.012908653846153847
1244,4908.0,81.8,1.573076923076923,0.03932692307692308
1245,2607.0,43.45,0.8355769230769231,0.020889423076923076
1246,3495.0,58.25,1.1201923076923077,0.028004807692307693
1247,1928.0,32.13333333333333,0.617948717948718,0.015448717948717949
1248,2846.0,47.43333333333333,0.9121794871794872,0.02280448717948718
1249,9359.0,155.98333333333332,2.999679487179487,0.07499198717948717
1250,11144.0,185.73333333333332,3.5717948717948715,0.08929487179487179
1251,1654.0,27.566666666666666,0.5301282051282051,0.013253205128205128
1252,2461.0,41.016666666666666,0.7887820512820513,0.01971955128205128
1253,4876.0,81.26666666666667,1.5628205128205128,0.03907051282051282
1254,10182.0,169.7,3.2634615384615384,0.08158653846153846
1255,17133.0,285.55,5.491346153846154,0.13728365384615385
1256,28638.0,477.3,9.178846153846154,0.22947115384615385
1257,681.0,11.35,0.21826923076923077,0.005456730769230769
1260,5619.0,93.65,1.8009615384615385,0.04502403846153846
1261,3999.0,66.65,1.2817307692307693,0.032043269230769236
1263,12669.0,211.15,4.0605769230769235,0.10151442307692309
1264,183.0,3.05,0.058653846153846154,0.0014663461538461538
1265,9201.0,153.35,2.9490384615384615,0.07372596153846153
1266,19653.0,327.55,6.299038461538462,0.15747596153846155
1267,13053.0,217.55,4.183653846153846,0.10459134615384616
1268,2805.0,46.75,0.8990384615384616,0.02247596153846154
1269,664.0,11.066666666666666,0.2128205128205128,0.00532051282051282
1270,20309.0,338.48333333333335,6.509294871794872,0.16273237179487182
1271,4478.0,74.63333333333334,1.4352564102564105,0.035881410256410264
1272,2256.0,37.6,0.7230769230769231,0.018076923076923077
1273,4212.0,70.2,1.35,0.03375
1275,5208.0,86.8,1.669230769230769,0.041730769230769224
1276,1062.0,17.7,0.3403846153846154,0.008509615384615385
1278,2916.0,48.6,0.9346153846153846,0.023365384615384614
1279,2128.0,35.46666666666667,0.6820512820512821,0.017051282051282052
1280,4827.0,80.45,1.5471153846153847,0.038677884615384614
1281,8475.0,141.25,2.7163461538461537,0.06790865384615384
1285,4329.0,72.15,1.3875000000000002,0.0346875
1286,800.0,13.333333333333334,0.25641025641025644,0.006410256410256411
1287,3780.0,63.0,1.2115384615384615,0.030288461538461535
1289,4910.0,81.83333333333333,1.5737179487179487,0.03934294871794872
1290,6102.0,101.7,1.955769230769231,0.04889423076923077
1292,2262.0,37.7,0.7250000000000001,0.018125000000000002
1293,15858.0,264.3,5.082692307692308,0.1270673076923077
1294,4093.0,68.21666666666667,1.3118589743589744,0.032796474358974356
1295,541.0,9.016666666666667,0.17339743589743592,0.004334935897435898
1297,8161.0,136.01666666666668,2.6157051282051285,0.06539262820512821
1298,564.0,9.4,0.18076923076923077,0.004519230769230769
1300,20667.0,344.45,6.624038461538461,0.16560096153846154
1301,11671.0,194.51666666666668,3.7407051282051285,0.09351762820512821
1302,2103.0,35.05,0.6740384615384615,0.016850961538461537
1304,2784.0,46.4,0.8923076923076922,0.022307692307692306
1305,1956.0,32.6,0.6269230769230769,0.01567307692307692
1308,57531.0,958.85,18.439423076923077,0.46098557692307696
1309,6996.0,116.6,2.2423076923076923,0.05605769230769231
1311,3267.0,54.45,1.0471153846153847,0.026177884615384617
1316,5201.0,86.68333333333334,1.6669871794871796,0.04167467948717949
1317,222.0,3.7,0.07115384615384615,0.0017788461538461539
1320,1257.0,20.95,0.4028846153846154,0.010072115384615384
1321,8735.0,145.58333333333334,2.7996794871794872,0.06999198717948718
1325,2053.0,34.21666666666667,0.6580128205128205,0.016450320512820513
1326,1638.0,27.3,0.525,0.013125000000000001
1327,3985.0,66.41666666666667,1.2772435897435899,0.03193108974358975
1328,315.0,5.25,0.10096153846153846,0.0025240384615384617
1329,24308.0,405.1333333333333,7.791025641025641,0.19477564102564102
1331,23315.0,388.5833333333333,7.47275641025641,0.18681891025641023
1332,11063.0,184.38333333333333,3.5458333333333334,0.08864583333333334
1334,7398.0,123.3,2.371153846153846,0.059278846153846154
1338,3442.0,57.36666666666667,1.1032051282051283,0.02758012820512821
1340,447.0,7.45,0.14326923076923076,0.003581730769230769
1341,6681.0,111.35,2.1413461538461536,0.05353365384615384
1342,6480.0,108.0,2.076923076923077,0.051923076923076926
1343,19008.0,316.8,6.092307692307693,0.1523076923076923
1344,13627.0,227.11666666666667,4.367628205128205,0.10919070512820513
1345,2645.0,44.083333333333336,0.8477564102564104,0.021193910256410257
1346,3963.0,66.05,1.2701923076923076,0.03175480769230769
1347,9309.0,155.15,2.9836538461538464,0.07459134615384616
1348,1743.0,29.05,0.5586538461538462,0.013966346153846154
1349,23395.0,389.9166666666667,7.498397435897436,0.1874599358974359
1350,17580.0,293.0,5.634615384615385,0.14086538461538461
1351,26543.0,442.3833333333333,8.507371794871794,0.21268429487179485
1352,8596.0,143.26666666666668,2.7551282051282056,0.06887820512820514
1353,23486.0,391.43333333333334,7.527564102564103,0.18818910256410257
1354,16105.0,268.4166666666667,5.1618589743589745,0.12904647435897437
1355,12687.0,211.45,4.066346153846154,0.10165865384615384
1356,1181.0,19.683333333333334,0.378525641025641,0.009463141025641025
1357,630.0,10.5,0.20192307692307693,0.005048076923076923
1358,20071.0,334.51666666666665,6.43301282051282,0.1608253205128205
1361,38094.0,634.9,12.209615384615384,0.3052403846153846
1362,16884.0,281.4,5.411538461538461,0.13528846153846152
1363,23779.0,396.31666666666666,7.621474358974359,0.19053685897435896
1364,18993.0,316.55,6.0875,0.1521875
1365,19719.0,328.65,6.320192307692308,0.15800480769230768
1366,3780.0,63.0,1.2115384615384615,0.030288461538461535
1367,13800.0,230.0,4.423076923076923,0.11057692307692309
1368,6061.0,101.01666666666667,1.942628205128205,0.04856570512820513
1369,1440.0,24.0,0.46153846153846156,0.011538461538461539
1370,14678.0,244.63333333333333,4.704487179487179,0.11761217948717947
1371,762.0,12.7,0.24423076923076922,0.006105769230769231
1372,3348.0,55.8,1.073076923076923,0.026826923076923075
1374,2256.0,37.6,0.7230769230769231,0.018076923076923077
1379,4499.0,74.98333333333333,1.4419871794871795,0.036049679487179485
1380,8245.0,137.41666666666666,2.642628205128205,0.06606570512820512
1381,2571.0,42.85,0.8240384615384616,0.02060096153846154
1382,1773.0,29.55,0.5682692307692307,0.014206730769230768
1383,2865.0,47.75,0.9182692307692307,0.022956730769230767
1384,1260.0,21.0,0.40384615384615385,0.010096153846153847
1385,996.0,16.6,0.31923076923076926,0.007980769230769232
1386,1158.0,19.3,0.37115384615384617,0.009278846153846155
1388,7713.0,128.55,2.472115384615385,0.06180288461538462
1391,7652.0,127.53333333333333,2.4525641025641027,0.061314102564102566
1392,11829.0,197.15,3.791346153846154,0.09478365384615385
1393,2850.0,47.5,0.9134615384615384,0.02283653846153846
1394,630.0,10.5,0.20192307692307693,0.005048076923076923
1396,3597.0,59.95,1.1528846153846155,0.028822115384615387
1398,35264.0,587.7333333333333,11.302564102564103,0.2825641025641026
1399,2505.0,41.75,0.8028846153846154,0.020072115384615386
1400,3231.0,53.85,1.0355769230769232,0.02588942307692308
1401,1629.0,27.15,0.5221153846153845,0.013052884615384614
1403,7362.0,122.7,2.3596153846153847,0.05899038461538462
1404,3231.0,53.85,1.0355769230769232,0.02588942307692308
1406,6153.0,102.55,1.9721153846153845,0.04930288461538461
1407,696.0,11.6,0.22307692307692306,0.0055769230769230765
1408,4527.0,75.45,1.4509615384615384,0.03627403846153846
1409,3846.0,64.1,1.2326923076923075,0.03081730769230769
1410,2586.0,43.1,0.8288461538461539,0.020721153846153847
1412,1509.0,25.15,0.4836538461538461,0.012091346153846152
1413,2088.0,34.8,0.6692307692307692,0.01673076923076923
1414,485.0,8.083333333333334,0.15544871794871795,0.003886217948717949
1415,99798.0,1663.3,31.986538461538462,0.7996634615384616
1416,1443.0,24.05,0.4625,0.0115625
1417,14281.0,238.01666666666668,4.57724358974359,0.11443108974358976
1418,50448.0,840.8,16.16923076923077,0.4042307692307692
1421,15750.0,262.5,5.048076923076923,0.12620192307692307
1424,3282.0,54.7,1.051923076923077,0.026298076923076924
1425,4145.0,69.08333333333333,1.328525641025641,0.033213141025641026
1429,4059.0,67.65,1.3009615384615385,0.032524038461538465
1430,6570.0,109.5,2.105769230769231,0.05264423076923077
1431,1783.0,29.716666666666665,0.5714743589743589,0.014286858974358973
1435,5868.0,97.8,1.8807692307692307,0.04701923076923077
1436,16479.0,274.65,5.2817307692307685,0.1320432692307692
1438,1839.0,30.65,0.5894230769230769,0.014735576923076924
1439,2370.0,39.5,0.7596153846153846,0.018990384615384614
1443,5760.0,96.0,1.8461538461538463,0.046153846153846156
1444,1077.0,17.95,0.3451923076923077,0.008629807692307692
1445,7017.0,116.95,2.2490384615384618,0.056225961538461544
1446,15651.0,260.85,5.016346153846154,0.12540865384615385
1448,117.0,1.95,0.0375,0.0009375
1449,747.0,12.45,0.2394230769230769,0.0059855769230769225
1450,564.0,9.4,0.18076923076923077,0.004519230769230769
1451,615.0,10.25,0.1971153846153846,0.004927884615384615
1452,2637.0,43.95,0.8451923076923078,0.021129807692307694
1453,1143.0,19.05,0.3663461538461539,0.009158653846153848
1454,4395.0,73.25,1.4086538461538463,0.035216346153846154
1455,1377.0,22.95,0.44134615384615383,0.011033653846153846
1456,16976.0,282.93333333333334,5.441025641025641,0.13602564102564102
1457,630.0,10.5,0.20192307692307693,0.005048076923076923
1458,7795.0,129.91666666666666,2.4983974358974357,0.06245993589743589
1459,432.0,7.2,0.13846153846153847,0.0034615384615384616
1460,615.0,10.25,0.1971153846153846,0.004927884615384615
1461,15503.0,258.3833333333333,4.968910256410256,0.1242227564102564
1463,13615.0,226.91666666666666,4.363782051282051,0.10909455128205128
1464,915.0,15.25,0.2932692307692308,0.007331730769230769
1465,11691.0,194.85,3.7471153846153844,0.09367788461538461
1466,13010.0,216.83333333333334,4.169871794871795,0.10424679487179486
1468,34815.0,580.25,11.158653846153847,0.2789663461538462
1469,7716.0,128.6,2.473076923076923,0.06182692307692308
1471,5970.0,99.5,1.9134615384615385,0.047836538461538465
1472,564.0,9.4,0.18076923076923077,0.004519230769230769
1473,1260.0,21.0,0.40384615384615385,0.010096153846153847
1474,2223.0,37.05,0.7124999999999999,0.0178125
1478,813.0,13.55,0.2605769230769231,0.006514423076923077
1479,4448.0,74.13333333333334,1.4256410256410257,0.03564102564102564
1480,1509.0,25.15,0.4836538461538461,0.012091346153846152
1481,1710.0,28.5,0.5480769230769231,0.013701923076923079
1485,498.0,8.3,0.15961538461538463,0.003990384615384616
1487,2124.0,35.4,0.6807692307692308,0.01701923076923077
1489,1743.0,29.05,0.5586538461538462,0.013966346153846154
1493,954.0,15.9,0.3057692307692308,0.0076442307692307695
1497,27981.0,466.35,8.96826923076923,0.22420673076923076
1498,17766.0,296.1,5.69423076923077,0.14235576923076926
1499,4812.0,80.2,1.5423076923076924,0.03855769230769231
1500,6498.0,108.3,2.082692307692308,0.0520673076923077
1501,16233.0,270.55,5.202884615384615,0.13007211538461538
1502,3814.0,63.56666666666667,1.2224358974358975,0.03056089743589744
1503,13014.0,216.9,4.171153846153846,0.10427884615384615
1504,34273.0,571.2166666666667,10.984935897435898,0.2746233974358975
1505,23746.0,395.76666666666665,7.610897435897436,0.1902724358974359
1506,48303.0,805.05,15.481730769230769,0.3870432692307692
1508,1600.0,26.666666666666668,0.5128205128205129,0.012820512820512822
1509,24905.0,415.0833333333333,7.982371794871795,0.19955929487179486
1510,38567.0,642.7833333333333,12.361217948717949,0.3090304487179487
1512,62987.0,1049.7833333333333,20.188141025641023,0.5047035256410256
1513,26215.0,436.9166666666667,8.40224358974359,0.21005608974358975
1514,5159.0,85.98333333333333,1.6535256410256411,0.041338141025641026
1515,28855.0,480.9166666666667,9.248397435897436,0.2312099358974359
1516,447.0,7.45,0.14326923076923076,0.003581730769230769
1517,52470.0,874.5,16.817307692307693,0.4204326923076923
1518,5132.0,85.53333333333333,1.6448717948717948,0.04112179487179487
1519,19123.0,318.71666666666664,6.129166666666666,0.15322916666666667
1520,20650.0,344.1666666666667,6.618589743589744,0.16546474358974358
1521,18114.0,301.9,5.80576923076923,0.14514423076923075
1522,7639.0,127.31666666666666,2.448397435897436,0.061209935897435896
1523,1858.0,30.966666666666665,0.5955128205128205,0.014887820512820513
1524,26634.0,443.9,8.536538461538461,0.21341346153846152
1525,1143.0,19.05,0.3663461538461539,0.009158653846153848
1526,27986.0,466.43333333333334,8.969871794871795,0.22424679487179486
1527,41265.0,687.75,13.225961538461538,0.3306490384615385
1528,6226.0,103.76666666666667,1.9955128205128205,0.049887820512820515
1529,10805.0,180.08333333333334,3.463141025641026,0.08657852564102565
1530,6248.0,104.13333333333334,2.0025641025641026,0.05006410256410256
1531,1734.0,28.9,0.5557692307692308,0.01389423076923077
1532,3426.0,57.1,1.0980769230769232,0.02745192307692308
1533,44490.0,741.5,14.259615384615385,0.3564903846153846
1534,2773.0,46.21666666666667,0.8887820512820513,0.022219551282051282
1535,1439.0,23.983333333333334,0.46121794871794874,0.011530448717948718
1537,3033.0,50.55,0.9721153846153846,0.024302884615384615
1538,5266.0,87.76666666666667,1.6878205128205128,0.04219551282051282
1539,3932.0,65.53333333333333,1.2602564102564102,0.03150641025641025
1540,12178.0,202.96666666666667,3.903205128205128,0.09758012820512821
1544,23089.0,384.81666666666666,7.400320512820513,0.18500801282051282
1548,8630.0,143.83333333333334,2.7660256410256414,0.06915064102564103
1549,8412.0,140.2,2.696153846153846,0.06740384615384615
1552,9882.0,164.7,3.167307692307692,0.0791826923076923
1553,33423.0,557.05,10.712499999999999,0.26781249999999995
1554,2088.0,34.8,0.6692307692307692,0.01673076923076923
1556,11073.0,184.55,3.5490384615384616,0.08872596153846155
1557,15132.0,252.2,4.85,0.12125
1558,13472.0,224.53333333333333,4.317948717948718,0.10794871794871794
1559,2901.0,48.35,0.9298076923076923,0.023245192307692307
1561,3109.0,51.81666666666667,0.996474358974359,0.024911858974358974
1562,91023.0,1517.05,29.174038461538462,0.7293509615384616
1563,10662.0,177.7,3.417307692307692,0.0854326923076923
1564,38532.0,642.2,12.350000000000001,0.30875
1565,39870.0,664.5,12.778846153846153,0.3194711538461538
1566,11654.0,194.23333333333332,3.73525641025641,0.09338141025641025
1567,5609.0,93.48333333333333,1.7977564102564103,0.04494391025641026
1569,13080.0,218.0,4.1923076923076925,0.10480769230769231
1570,12393.0,206.55,3.972115384615385,0.09930288461538463
1571,879.0,14.65,0.28173076923076923,0.0070432692307692306
1572,447.0,7.45,0.14326923076923076,0.003581730769230769
1573,5157.0,85.95,1.6528846153846155,0.04132211538461539
1574,813.0,13.55,0.2605769230769231,0.006514423076923077
1575,24542.0,409.03333333333336,7.866025641025642,0.19665064102564106
1577,24499.0,408.31666666666666,7.85224358974359,0.19630608974358973
1578,17995.0,299.9166666666667,5.767628205128205,0.14419070512820514
1579,22749.0,379.15,7.2913461538461535,0.18228365384615383
1580,9234.0,153.9,2.9596153846153848,0.07399038461538462
1581,2741.0,45.68333333333333,0.878525641025641,0.021963141025641026
1582,16235.0,270.5833333333333,5.2035256410256405,0.130088141025641
1583,2875.0,47.916666666666664,0.9214743589743589,0.023036858974358972
1584,6888.0,114.8,2.207692307692308,0.05519230769230769
1585,5217.0,86.95,1.6721153846153847,0.04180288461538462
1586,19640.0,327.3333333333333,6.294871794871795,0.15737179487179487
1587,6476.0,107.93333333333334,2.075641025641026,0.05189102564102564
1588,1890.0,31.5,0.6057692307692307,0.015144230769230767
1591,13717.0,228.61666666666667,4.396474358974359,0.10991185897435898
1592,5817.0,96.95,1.864423076923077,0.04661057692307692
1593,5597.0,93.28333333333333,1.7939102564102565,0.044847756410256415
1594,747.0,12.45,0.2394230769230769,0.0059855769230769225
1595,2016.0,33.6,0.6461538461538462,0.016153846153846154
1596,13598.0,226.63333333333333,4.358333333333333,0.10895833333333334
1597,2529.0,42.15,0.8105769230769231,0.020264423076923076
1598,20522.0,342.03333333333336,6.577564102564103,0.16443910256410257
1601,8353.0,139.21666666666667,2.67724358974359,0.06693108974358974
1602,11601.0,193.35,3.7182692307692307,0.09295673076923076
1603,29124.0,485.4,9.334615384615384,0.2333653846153846
1604,3501.0,58.35,1.1221153846153846,0.028052884615384615
1605,6378.0,106.3,2.044230769230769,0.051105769230769225
1606,25417.0,423.6166666666667,8.14647435897436,0.20366185897435898
1610,4785.0,79.75,1.5336538461538463,0.038341346153846156
1611,25168.0,419.46666666666664,8.066666666666666,0.20166666666666666
1615,10782.0,179.7,3.4557692307692305,0.08639423076923076
1616,5367.0,89.45,1.7201923076923078,0.043004807692307696
1618,6921.0,115.35,2.2182692307692307,0.055456730769230765
1619,5717.0,95.28333333333333,1.8323717948717948,0.04580929487179487
1620,10749.0,179.15,3.4451923076923077,0.08612980769230769
1621,10149.0,169.15,3.2528846153846156,0.0813221153846154
1622,12716.0,211.93333333333334,4.075641025641025,0.10189102564102563
1623,4329.0,72.15,1.3875000000000002,0.0346875
1624,7062.0,117.7,2.2634615384615384,0.05658653846153846
1626,4823.0,80.38333333333334,1.5458333333333334,0.03864583333333334
1627,5378.0,89.63333333333334,1.7237179487179488,0.04309294871794872
1628,7516.0,125.26666666666667,2.408974358974359,0.060224358974358974
1629,12593.0,209.88333333333333,4.036217948717948,0.10090544871794871
1630,2770.0,46.166666666666664,0.8878205128205128,0.022195512820512818
1631,44890.0,748.1666666666666,14.387820512820513,0.3596955128205128
1633,1500.0,25.0,0.4807692307692308,0.01201923076923077
1635,4010.0,66.83333333333333,1.2852564102564101,0.03213141025641025
1636,1948.0,32.46666666666667,0.6243589743589744,0.015608974358974358
1637,2445.0,40.75,0.7836538461538461,0.019591346153846154
1638,6428.0,107.13333333333334,2.0602564102564105,0.051506410256410264
1639,2886.0,48.1,0.925,0.023125
1640,7098.0,118.3,2.275,0.056874999999999995
1641,9452.0,157.53333333333333,3.0294871794871794,0.07573717948717948
1642,4580.0,76.33333333333333,1.4679487179487178,0.03669871794871794
1645,564.0,9.4,0.18076923076923077,0.004519230769230769
1649,10782.0,179.7,3.4557692307692305,0.08639423076923076
1650,6381.0,106.35,2.0451923076923078,0.0511298076923077
1651,4025.0,67.08333333333333,1.2900641025641024,0.03225160256410256
1653,1128.0,18.8,0.36153846153846153,0.009038461538461539
1654,15252.0,254.2,4.888461538461538,0.12221153846153845
1656,9575.0,159.58333333333334,3.0689102564102564,0.07672275641025642
1658,9993.0,166.55,3.2028846153846158,0.0800721153846154
1659,2835.0,47.25,0.9086538461538461,0.022716346153846153
1661,9390.0,156.5,3.0096153846153846,0.07524038461538461
1662,12168.0,202.8,3.9000000000000004,0.0975
1663,4029.0,67.15,1.291346153846154,0.03228365384615385
1664,36090.0,601.5,11.567307692307692,0.2891826923076923
1668,1728.0,28.8,0.5538461538461539,0.013846153846153847
1669,813.0,13.55,0.2605769230769231,0.006514423076923077
1670,7779.0,129.65,2.493269230769231,0.06233173076923078
1671,2205.0,36.75,0.7067307692307693,0.01766826923076923
1673,6294.0,104.9,2.0173076923076922,0.0504326923076923
1677,3889.0,64.81666666666666,1.246474358974359,0.031161858974358976
1680,1443.0,24.05,0.4625,0.0115625
1682,16686.0,278.1,5.348076923076923,0.13370192307692308
1683,4125.0,68.75,1.3221153846153846,0.033052884615384616
1684,25181.0,419.68333333333334,8.070833333333333,0.20177083333333332
1685,4725.0,78.75,1.5144230769230769,0.03786057692307692
1686,13774.0,229.56666666666666,4.41474358974359,0.11036858974358973
1687,4992.0,83.2,1.6,0.04
1689,6564.0,109.4,2.103846153846154,0.05259615384615385
1690,3382.0,56.36666666666667,1.083974358974359,0.027099358974358972
1691,34664.0,577.7333333333333,11.11025641025641,0.27775641025641024
1692,249.0,4.15,0.07980769230769232,0.001995192307692308
1693,5172.0,86.2,1.6576923076923078,0.041442307692307695
1694,15546.0,259.1,4.982692307692308,0.1245673076923077
1696,59582.0,993.0333333333333,19.09679487179487,0.4774198717948718
1697,26562.0,442.7,8.513461538461538,0.21283653846153844
1698,2835.0,47.25,0.9086538461538461,0.022716346153846153
1699,12649.0,210.81666666666666,4.054166666666666,0.10135416666666666
1700,1011.0,16.85,0.32403846153846155,0.00810096153846154
1701,5765.0,96.08333333333333,1.8477564102564101,0.04619391025641025
1702,12839.0,213.98333333333332,4.115064102564102,0.10287660256410255
1705,59408.0,990.1333333333333,19.04102564102564,0.47602564102564104
1707,32556.0,542.6,10.434615384615386,0.26086538461538467
1708,4050.0,67.5,1.2980769230769231,0.03245192307692308
1713,145.0,2.4166666666666665,0.04647435897435897,0.0011618589743589741
1718,11242.0,187.36666666666667,3.6032051282051283,0.0900801282051282
1720,358.0,5.966666666666667,0.11474358974358975,0.002868589743589744
1721,249.0,4.15,0.07980769230769232,0.001995192307692308
1722,249.0,4.15,0.07980769230769232,0.001995192307692308
1723,6819.0,113.65,2.185576923076923,0.05463942307692308
1724,981.0,16.35,0.31442307692307697,0.007860576923076925
1725,8790.0,146.5,2.8173076923076925,0.07043269230769231
1726,677.0,11.283333333333333,0.2169871794871795,0.005424679487179488
1727,5883.0,98.05,1.885576923076923,0.04713942307692308
1729,15074.0,251.23333333333332,4.831410256410257,0.12078525641025642
1730,7347.0,122.45,2.354807692307692,0.058870192307692304
1731,9535.0,158.91666666666666,3.0560897435897436,0.0764022435897436
1732,2205.0,36.75,0.7067307692307693,0.01766826923076923
1735,3033.0,50.55,0.9721153846153846,0.024302884615384615
1736,5574.0,92.9,1.7865384615384616,0.04466346153846154
1737,11612.0,193.53333333333333,3.721794871794872,0.0930448717948718
1738,1656.0,27.6,0.5307692307692308,0.01326923076923077
1740,8706.0,145.1,2.7903846153846152,0.06975961538461538
1741,904.0,15.066666666666666,0.2897435897435897,0.007243589743589743
1743,3831.0,63.85,1.2278846153846155,0.030697115384615385
1744,5759.0,95.98333333333333,1.8458333333333334,0.04614583333333334
1746,14724.0,245.4,4.719230769230769,0.11798076923076924
1747,1011.0,16.85,0.32403846153846155,0.00810096153846154
1748,2988.0,49.8,0.9576923076923076,0.02394230769230769
1749,11842.0,197.36666666666667,3.795512820512821,0.09488782051282052
1750,2373.0,39.55,0.760576923076923,0.019014423076923075
1753,1228.0,20.466666666666665,0.3935897435897436,0.009839743589743589
1754,2718.0,45.3,0.8711538461538461,0.021778846153846152
1755,4446.0,74.1,1.4249999999999998,0.035625
1757,2820.0,47.0,0.9038461538461539,0.022596153846153846
1758,828.0,13.8,0.2653846153846154,0.006634615384615385
1759,12710.0,211.83333333333334,4.073717948717949,0.10184294871794872
1760,2554.0,42.56666666666667,0.8185897435897437,0.02046474358974359
1761,23809.0,396.81666666666666,7.631089743589744,0.1907772435897436
1762,10186.0,169.76666666666668,3.26474358974359,0.08161858974358975
1763,9854.0,164.23333333333332,3.158333333333333,0.07895833333333332
1764,4146.0,69.1,1.3288461538461538,0.033221153846153845
1765,33250.0,554.1666666666666,10.657051282051281,0.26642628205128205
1766,14013.0,233.55,4.491346153846154,0.11228365384615384
1767,8864.0,147.73333333333332,2.8410256410256407,0.07102564102564102
1768,3782.0,63.03333333333333,1.212179487179487,0.030304487179487177
1769,12982.0,216.36666666666667,4.160897435897436,0.1040224358974359
1771,13992.0,233.2,4.484615384615385,0.11211538461538462
1772,3336.0,55.6,1.0692307692307692,0.02673076923076923
1774,9771.0,162.85,3.131730769230769,0.07829326923076922
1775,13021.0,217.01666666666668,4.173397435897436,0.1043349358974359
1776,21298.0,354.96666666666664,6.826282051282051,0.17065705128205128
1777,8226.0,137.1,2.6365384615384615,0.06591346153846153
1778,25804.0,430.06666666666666,8.27051282051282,0.20676282051282052
1779,1509.0,25.15,0.4836538461538461,0.012091346153846152
1780,13561.0,226.01666666666668,4.346474358974359,0.10866185897435898
1781,834.0,13.9,0.2673076923076923,0.006682692307692308
1783,1641.0,27.35,0.5259615384615385,0.013149038461538462
1784,1471.0,24.516666666666666,0.47147435897435896,0.011786858974358974
1785,2390.0,39.833333333333336,0.7660256410256411,0.019150641025641027
1786,8622.0,143.7,2.7634615384615384,0.06908653846153846
1787,8226.0,137.1,2.6365384615384615,0.06591346153846153
1788,3431.0,57.18333333333333,1.099679487179487,0.027491987179487178
1789,1443.0,24.05,0.4625,0.0115625
1790,315.0,5.25,0.10096153846153846,0.0025240384615384617
1791,734.0,12.233333333333333,0.23525641025641025,0.005881410256410256
1792,315.0,5.25,0.10096153846153846,0.0025240384615384617
1793,3948.0,65.8,1.2653846153846153,0.031634615384615386
1794,5655.0,94.25,1.8125,0.0453125
1795,6567.0,109.45,2.104807692307692,0.052620192307692305
1796,666.0,11.1,0.21346153846153845,0.005336538461538461
1797,9054.0,150.9,2.901923076923077,0.07254807692307692
1800,77.0,1.2833333333333334,0.024679487179487182,0.0006169871794871795
1801,12563.0,209.38333333333333,4.026602564102564,0.10066506410256411
1802,5127.0,85.45,1.643269230769231,0.04108173076923077
1803,39302.0,655.0333333333333,12.596794871794872,0.3149198717948718
1804,2986.0,49.766666666666666,0.957051282051282,0.023926282051282048
1805,2505.0,41.75,0.8028846153846154,0.020072115384615386
1806,6600.0,110.0,2.1153846153846154,0.052884615384615384
1807,10396.0,173.26666666666668,3.332051282051282,0.08330128205128205
1808,12900.0,215.0,4.134615384615385,0.10336538461538462
1810,366.0,6.1,0.11730769230769231,0.0029326923076923076
1811,1692.0,28.2,0.5423076923076923,0.013557692307692307
1812,1509.0,25.15,0.4836538461538461,0.012091346153846152
1813,1443.0,24.05,0.4625,0.0115625
